node1,	node2,	dist,	visibility,	sound,	transitability,	lockable,	flow
1.01,	1.2,	4,	1,		1,	1,		0,		30
1.01,	1.3,	7,	0.8,		0.66,	0,		0,		0
1.01,	1.4,	9,	0.6,		0.33,	0,		0,		0
1.01,	1.5,	14,	0.5,		0,	0,		0,		0
1.01,	1.6,	18,	0.4,		0,	0,		0,		0
1.01,	2.1,	4,	1,		1,	1,		0,		2.5
1.01,	3.01,	4,	1,		1,	1,		0,		15
1.01,	4.1,	6,	0,		0.66,	0,		0,		0
1.01,	4.2,	8,	0,		0.66,	0,		0,		0
1.01,	4.3,	8,	0,		0.66,	0,		0,		0
1.01,	5.1,	8,	0,		0.66,	0,		0,		0
1.01,	5.2,	8,	0,		0.66,	0,		0,		0
1.01,	6.1,	9,	0,		0.33,	0,		0,		0
1.01,	6.2,	10,	0,		0.33,	0,		0,		0
1.01,	7.1,	9,	0,		0.33,	0,		0,		0
1.01,	7.2,	10,	0,		0.33,	0,		0,		0

1.2,	1.01,	4,	1,		1,	1,		0,		20
1.2,	1.3,	4,	1,		1,	1,		0,		20
1.2,	1.4,	7,	0.8,		0.66,	0,		0,		0
1.2,	1.5,	11,	0.6,		0.33,	0,		0,		0
1.2,	1.6,	15,	0.5,		0,	0,		0,		0
1.2,	2.1,	4,	1,		1,	1,		0,		2.5
1.2,	3.01,	4,	1,		1,	1,		0,		20
1.2,	4.1,	4,	1,		1,	1,		0,		2.5
1.2,	4.2,	7,	0.6,		0.66,	0,		0,		0
1.2,	4.3,	9,	0.6,		0.66,	0,		0,		0
1.2,	5.1,	4,	0,		0.66,	0,		0,		0
1.2,	5.2,	4,	0,		0.66,	0,		0,		0
1.2,	6.1,	11,	0,		0.66,	0,		0,		0
1.2,	6.2,	15,	0,		0.33,	0,		0,		0
1.2,	7.1,	11,	0,		0.66,	0,		0,		0
1.2,	7.2,	15,	0,		0.33,	0,		0,		0
1.2,	8.1,	17,	0,		0.33,	0,		0,		0
1.2,	9.1,	17,	0,		0.33,	0,		0,		0

1.3,	1.01,	7,	0.8,		0.66,	0,		0,		0
1.3,	1.2,	4,	1,		1,	1,		0,		20
1.3,	1.4,	3,	1,		1,	1,		0,		20
1.3,	1.5,	10,	0.8,		0.66,	0,		0,		0
1.3,	1.6,	15,	0.6,		0.33,	0,		0,		0
1.3,	2.1,	9,	0,		0.66,	0,		0,		0
1.3,	3.01,	9,	0,		0.66,	0,		0,		0
1.3,	4.1,	4,	0,		1,	0,		0,		0
1.3,	4.2,	3,	0,		1,	0,		0,		0
1.3,	4.3,	9,	0,		0.66,	0,		0,		0
1.3,	5.1,	4,	1,		1,	1,		0,		2.5
1.3,	5.2,	9,	0,		0.66,	0,		0,		0
1.3,	6.1,	6,	0,		0.66,	0,		0,		0
1.3,	6.2,	9,	0,		0.66,	0,		0,		0
1.3,	7.1,	6,	0,		0.66,	0,		0,		0
1.3,	7.2,	9,	0,		0.66,	0,		0,		0
1.3,	8.1,	10,	0,		0.66,	0,		0,		0
1.3,	8.2,	11,	0,		0.33,	0,		0,		0
1.3,	9.1,	10,	0,		0.66,	0,		0,		0
1.3,	9.2,	11,	0,		0.33,	0,		0,		0
1.3,	10.1,	15,	0,		0.33,	0,		0,		0
1.3,	11.1,	15,	0,		0.33,	0,		0,		0
1.3,	12.1,	13,	0,		0.33,	0,		0,		0
1.3,	13.1,	13,	0,		0.33,	0,		0,		0
1.3,	14.1,	15,	0,		0.33,	0,		0,		0
1.3,	25.1,	15,	0,		0.33,	0,		0,		0

1.4,	1.01,	10,	0.6,		0.33,	0,		0,		0
1.4,	1.2,	7,	0.8,		0.66,	0,		0,		0
1.4,	1.3,	3,	1,		1,	1,		0,		20
1.4,	1.5,	6,	0.9,		0.9,	1,		0,		20
1.4,	1.6,	9,	0.6,		0.33,	0,		0,		0
1.4,	2.1,	10,	0,		0.66,	0,		0,		0
1.4,	3.01,	10,	0,		0.66,	0,		0,		0
1.4,	4.1,	7,	0,		0.66,	0,		0,		0
1.4,	4.2,	4,	1,		1,	1,		0,		2.5
1.4,	4.3,	9,	0.8,		0.66,	0,		0,		0
1.4,	5.1,	5,	0,		0.66,	0,		0,		0
1.4,	5.2,	9,	0,		0.66,	0,		0,		0
1.4,	6.1,	4,	1,		1,	1,		0,		2.5		
1.4,	6.2,	7,	0.8,		0.66,	0,		0,		0		
1.4,	7.1,	4,	1,		1,	1,		0,		2.5
1.4,	7.2,	7,	0.8,		0.66,	0,		0,		0
1.4,	8.1,	7,	0,		0.66,	0,		0,		0		
1.4,	8.2,	9,	0,		0.66,	0,		0,		0
1.4,	9.1,	7,	0,		0.66,	0,		0,		0		
1.4,	9.2,	9,	0,		0.66,	0,		0,		0		
1.4,	10.1,	12,	0,		0.33,	0,		0,		0		
1.4,	11.1,	12,	0,		0.33,	0,		0,		0		
1.4,	12.1,	9,	0,		0.66,	0,		0,		0		
1.4,	13.1,	9,	0,		0.66,	0,		0,		0		
1.4,	14.1,	12,	0,		0.33,	0,		0,		0		
1.4,	25.1,	12,	0,		0.33,	0,		0,		0		
1.4,	26.1,	14,	0,		0.33,	0,		0,		0		
1.4,	38.1,	14,	0,		0.33,	0,		0,		0		
1.4,	39.1,	14,	0,		0.33,	0,		0,		0		

1.5,	1.01,	14,	0.5,		0,	0,		0,		0
1.5,	1.2,	11,	0.6,		0.33,	0,		0,		0
1.5,	1.3,	10,	0.8,		0.66,	0,		0,		0
1.5,	1.4,	6,	0.9,		0.9,	1,		0,		20
1.5,	1.6,	6,	0.9,		0.9,	1,		0,		20
1.5,	4.1,	12,	0,		0.33,	0,		0,		0
1.5,	4.2,	9,	0,		0.66,	0,		0,		0
1.5,	4.3,	13,	0,		0.33,	0,		0,		0
1.5,	5.1,	10,	0,		0.66,	0,		0,		0
1.5,	5.2,	14,	0,		0.33,	0,		0,		0
1.5,	6.1,	6,	0,		0.66,	0,		0,		0
1.5,	6.2,	8,	0,		0.66,	0,		0,		0
1.5,	7.1,	6,	0,		0.66,	0,		0,		0
1.5,	7.2,	9,	0,		0.66,	0,		0,		0
1.5,	8.1,	4,	1,		1,	1,		0,		2.5
1.5,	8.2,	7,	0.8,		0.66,	0,		0,		0
1.5,	9.1,	4,	1,		1,	1,		0,		2.5
1.5,	9.2,	7,	0.8,		0.66,	0,		0,		0
1.5,	10.1,	7,	0,		0.66,	0,		0,		0
1.5,	10.2,	11,	0,		0.33,	0,		0,		0
1.5,	11.1,	7,	0,		0.66,	0,		0,		0
1.5,	11.2,	11,	0,		0.33,	0,		0,		0
1.5,	11.3,	15,	0,		0.33,	0,		0,		0
1.5,	12.1,	5,	0,		0.9,	0,		0,		0
1.5,	13.1,	5,	0,		0.9,	0,		0,		0
1.5,	14.1,	8,	0,		0.66,	0,		0,		0
1.5,	15.1,	11,	0,		0.33,	0,		0,		0
1.5,	16.1,	14,	0,		0.33,	0,		0,		0
1.5,	25.1,	8,	0,		0.66,	0,		0,		0
1.5,	26.1,	9,	0,		0.66,	0,		0,		0
1.5,	27.1,	12,	0,		0.33,	0,		0,		0
1.5,	28.1,	15,	0,		0.33,	0,		0,		0
1.5,	38.1,	9,	0,		0.66,	0,		0,		0
1.5,	39.1,	8,	0,		0.66,	0,		0,		0
1.5,	40.1,	12,	0,		0.33,	0,		0,		0
1.5,	40.2,	12,	0,		0.33,	0,		0,		0

1.6,	1.01,	18,	0.4,		0,	0,		0,		0
1.6,	1.2,	15,	0.5,		0,	0,		0,		0
1.6,	1.3,	15,	0.6,		0.33,	0,		0,		0
1.6,	1.4,	9,	0.6,		0.33,	0,		0,		0
1.6,	1.5,	6,	0.9,		0.9,	1,		0,		20
1.6,	4.2,	14,	0,		0.33,	0,		0,		0
1.6,	6.1,	10,	0,		0.33,	0,		0,		0
1.6,	6.2,	12,	0,		0.33,	0,		0,		0
1.6,	7.1,	10,	0,		0.33,	0,		0,		0
1.6,	7.2,	12,	0,		0.33,	0,		0,		0
1.6,	8.1,	6,	0,		0.66,	0,		0,		0
1.6,	8.2,	8,	0,		0.66,	0,		0,		0
1.6,	9.1,	6,	0,		0.66,	0,		0,		0
1.6,	9.2,	8,	0,		0.66,	0,		0,		0
1.6,	10.1,	4,	1,		1,	1,		0,		20
1.6,	10.2,	7,	0,		0.66,	0,		0,		0
1.6,	10.3,	11,	0,		0.33,	0,		0,		0
1.6,	11.1,	4,	1,		1,	1,		0,		20
1.6,	11.2,	7,	0,		0.66,	0,		0,		0
1.6,	11.3,	9,	0,		0.66,	0,		0,		0
1.6,	11.4,	14,	0,		0.33,	0,		0,		0
1.6,	12.1,	4,	0,		0.9,	0,		0,		0
1.6,	13.1,	3,	0.8,		0.9,	0,		0,		0
1.6,	14.1,	7,	0,		0.66,	0,		0,		0
1.6,	15.1,	8,	0,		0.66,	0,		0,		0
1.6,	16.1,	9,	0,		0.66,	0,		0,		0
1.6,	17.1,	12,	0,		0.33,	0,		0,		0
1.6,	18.1,	14,	0,		0.33,	0,		0,		0
1.6,	25.1,	7,	0,		0.66,	0,		0,		0
1.6,	26.1,	7,	0,		0.66,	0,		0,		0
1.6,	27.1,	8,	0,		0.66,	0,		0,		0
1.6,	28.1,	10,	0,		0.66,	0,		0,		0
1.6,	29.1,	12,	0,		0.33,	0,		0,		0
1.6,	30.1,	14,	0,		0.33,	0,		0,		0
1.6,	38.1,	4,	0,		0.9,	0,		0,		0
1.6,	39.1,	3,	0,		0.9,	0,		0,		0
1.6,	40.1,	7,	0,		0.33,	0,		0,		0
1.6,	40.2,	7,	0,		0.33,	0,		0,		0
1.6,	41.1,	11,	0,		0.33,	0,		0,		0
1.6,	42.1,	10,	0,		0.66,	0,		0,		0
1.6,	43.1,	15,	0,		0.33,	0,		0,		0
1.6,	44.1,	15,	0,		0.33,	0,		0,		0

2.1,	1.01,	4,	1,		1,	1,		1,		2.5
2.1,	1.2,	4,	1,		1,	1,		1,		2.5
2.1,	1.3,	9,	0,		0.66,	0,		0,		0
2.1,	1.4,	10,	0,		0.66,	0,		0,		0
2.1,	3.01,	7,	0.8,		0.66,	1,		1,		2.5
2.1,	4.1,	3,	0,		0.66,	0,		0,		0
2.1,	4.2,	8,	0,		0.66,	0,		0,		0
2.1,	4.3,	7,	0,		0.66,	0,		0,		0
2.1,	5.1,	9,	0,		0.66,	0,		0,		0
2.1,	5.2,	11,	0,		0.33,	0,		0,		0
2.1,	6.1,	11,	0,		0.33,	0,		0,		0
2.1,	6.2,	12,	0,		0.33,	0,		0,		0
2.1,	7.1,	13,	0,		0.33,	0,		0,		0
2.1,	7.2,	15,	0,		0.33,	0,		0,		0

3.01,	1.01,	4,	1,		1,	1,		0,		2.5
3.01,	1.2,	4,	1,		1,	1,		0,		2.5
3.01,	1.3,	9,	0,		0.66,	0,		0,		0
3.01,	1.4,	10,	0,		0.66,	0,		0,		0
3.01,	2.1,	7,	0.8,		0.66,	1,		0,		2.5
3.01,	4.1,	7,	0,		0.66,	0,		0,		0
3.01,	4.2,	9,	0,		0.66,	0,		0,		0
3.01,	4.3,	11,	0,		0.33,	0,		0,		0
3.01,	5.1,	7,	0,		0.66,	0,		0,		0
3.01,	5.2,	6,	0,		0.66,	0,		0,		0
3.01,	6.1,	13,	0,		0.33,	0,		0,		0
3.01,	6.2,	15,	0,		0.33,	0,		0,		0
3.01,	7.1,	11,	0,		0.33,	0,		0,		0
3.01,	7.2,	12,	0,		0.33,	0,		0,		0

4.1,	1.01,	6,	0,		0.66,	0,		0,		0
4.1,	1.2,	4,	1,		1,	1,		0,		20
4.1,	1.3,	4,	0,		1,	0,		0,		0
4.1,	1.4,	7,	0,		0.66,	0,		0,		0
4.1,	1.5,	12,	0,		0.33,	0,		0,		0
4.1,	2.1,	3,	0,		0.66,	0,		0,		0
4.1,	3.01,	7,	0,		0.66,	0,		0,		0
4.1,	4.2,	4,	1,		1,	1,		0,		20
4.1,	4.3,	4,	1,		1,	1,		0,		20
4.1,	5.1,	7,	0,		0.66,	0,		0,		0
4.1,	5.2,	10,	0,		0.66,	0,		0,		0
4.1,	6.1,	7,	0,		0.66,	0,		0,		0
4.1,	6.2,	8,	0,		0.66,	0,		0,		0
4.1,	7.1,	9,	0,		0.66,	0,		0,		0
4.1,	7.2,	13,	0,		0.33,	0,		0,		0
4.1,	8.1,	13,	0,		0.33,	0,		0,		0
4.1,	8.2,	14,	0,		0.33,	0,		0,		0
4.1,	9.1,	14,	0,		0.33,	0,		0,		0
4.1,	12.1,	15,	0,		0.33,	0,		0,		0

4.2,	1.01,	8,	0,		0.66,	0,		0,		0
4.2,	1.2,	7,	0.6,		0.66,	0,		0,		0
4.2,	1.3,	3,	0,		1,	0,		0,		0
4.2,	1.4,	4,	1,		1,	1,		0,		2.5
4.2,	1.5,	9,	0,		0.66,	0,		0,		0
4.2,	1.6,	14,	0,		0.33,	0,		0,		0
4.2,	2.1,	8,	0,		0.66,	0,		0,		0
4.2,	3.01,	9,	0,		0.66,	0,		0,		0
4.2,	4.1,	4,	1,		1,	1,		0,		20
4.2,	4.3,	5,	1,		1,	1,		0,		20
4.2,	5.1,	7,	0,		0.66,	0,		0,		0
4.2,	5.2,	11,	0,		0.33,	0,		0,		0
4.2,	6.1,	4,	0,		0.66,	0,		0,		0
4.2,	6.2,	6,	0,		0.66,	0,		0,		0
4.2,	7.1,	13,	0,		0.66,	0,		0,		0
4.2,	7.2,	16,	0,		0.33,	0,		0,		0
4.2,	8.1,	8,	0,		0.66,	0,		0,		0
4.2,	8.2,	9,	0,		0.66,	0,		0,		0
4.2,	9.1,	10,	0,		0.33,	0,		0,		0
4.2,	9.2,	13,	0,		0.33,	0,		0,		0
4.2,	10.1,	14,	0,		0.33,	0,		0,		0
4.2,	11.1,	16,	0,		0.66,	0,		0,		0
4.2,	12.1,	11,	0,		0.33,	0,		0,		0
4.2,	13.1,	13,	0,		0.33,	0,		0,		0
4.2,	14.1,	13,	0,		0.33,	0,		0,		0
4.2,	25.1,	16,	0,		0.33,	0,		0,		0

4.3,	1.01,	8,	0,		0.66,	0,		0,		0
4.3,	1.2,	9,	0.6,		0.66,	0,		0,		0
4.3,	1.3,	9,	0,		0.66,	0,		0,		0
4.3,	1.4,	9,	0.8,		0.66,	0,		0,		0
4.3,	1.5,	13,	0,		0.33,	0,		0,		0
4.3,	2.1,	7,	0,		0.66,	0,		0,		0
4.3,	3.01,	11,	0,		0.33,	0,		0,		0
4.3,	4.1,	4,	1,		1,	1,		0,		20
4.3,	4.2,	5,	1,		1,	1,		0,		20
4.3,	5.1,	11,	0,		0.33,	0,		0,		0
4.3,	5.2,	14,	0,		0.33,	0,		0,		0
4.3,	6.1,	8,	0,		0.66,	0,		0,		0
4.3,	6.2,	7,	0,		0.66,	0,		0,		0
4.3,	7.1,	12,	0,		0.33,	0,		0,		0
4.3,	7.2,	16,	0,		0.33,	0,		0,		0
4.3,	8.1,	12,	0,		0.33,	0,		0,		0
4.3,	8.2,	11,	0,		0.33,	0,		0,		0
4.3,	9.1,	15,	0,		0.33,	0,		0,		0
4.3,	12.1,	14,	0,		0.33,	0,		0,		0
4.3,	14.1,	15,	0,		0.33,	0,		0,		0

5.1,	1.01,	8,	0,		0.66,	0,		0,		0
5.1,	1.2,	4,	0,		0.66,	0,		0,		0
5.1,	1.3,	4,	1,		1,	1,		0,		2.5
5.1,	1.4,	5,	0,		0.66,	0,		0,		0
5.1,	1.5,	10,	0,		0.66,	0,		0,		0
5.1,	2.1,	9,	0,		0.66,	0,		0,		0
5.1,	3.01,	7,	0,		0.66,	0,		0,		0
5.1,	4.1,	7,	0,		0.66,	0,		0,		0
5.1,	4.2,	7,	0,		0.66,	0,		0,		0
5.1,	4.3,	11,	0,		0.33,	0,		0,		0
5.1,	5.2,	4,	1,		0.66,	1,		0,		20
5.1,	6.1,	8,	0,		0.66,	0,		0,		0
5.1,	6.2,	11,	0,		0.33,	0,		0,		0
5.1,	7.1,	5,	0,		0.66,	0,		0,		0
5.1,	7.2,	7,	0,		0.66,	0,		0,		0
5.1,	8.1,	12,	0,		0.33,	0,		0,		0
5.1,	8.2,	15,	0,		0.33,	0,		0,		0
5.1,	9.1,	10,	0,		0.66,	0,		0,		0
5.1,	9.2,	11,	0,		0.66,	0,		0,		0
5.1,	11.1,	15,	0,		0.33,	0,		0,		0
5.1,	12.1,	14,	0,		0.33,	0,		0,		0
5.1,	13.1,	13,	0,		0.33,	0,		0,		0
5.1,	25.1,	13,	0,		0.33,	0,		0,		0

5.2,	1.01,	8,	0,		0.66,	0,		0,		0
5.2,	1.2,	4,	0,		0.66,	0,		0,		0
5.2,	1.3,	9,	0,		0.66,	0,		0,		0
5.2,	1.4,	9,	0,		0.66,	0,		0,		0
5.2,	1.5,	14,	0,		0.33,	0,		0,		0
5.2,	2.1,	11,	0,		0.33,	0,		0,		0
5.2,	3.01,	6,	0,		0.66,	0,		0,		0
5.2,	4.1,	10,	0,		0.66,	0,		0,		0
5.2,	4.2,	11,	0,		0.33,	0,		0,		0
5.2,	4.3,	14,	0,		0.33,	0,		0,		0
5.2,	5.1,	4,	1,		0.66,	1,		0,		20
5.2,	6.1,	13,	0,		0.66,	0,		0,		0
5.2,	6.2,	16,	0,		0.66,	0,		0,		0
5.2,	7.1,	8,	0,		0.33,	0,		0,		0
5.2,	7.2,	7,	0,		0.33,	0,		0,		0
5.2,	8.1,	16,	0,		0.66,	0,		0,		0
5.2,	9.1,	13,	0,		0.66,	0,		0,		0
5.2,	9.2,	12,	0,		0.66,	0,		0,		0
5.2,	13.1,	16,	0,		0.66,	0,		0,		0
5.2,	25.1,	16,	0,		0.66,	0,		0,		0

6.1,	1.01,	9,	0,		0.33,	0,		0,		0
6.1,	1.2,	11,	0,		0.66,	0,		0,		0
6.1,	1.3,	6,	0,		0.66,	0,		0,		0
6.1,	1.4,	4,	1,		1,	1,		0,		2.5
6.1,	1.5,	6,	0,		0.66,	0,		0,		0
6.1,	1.6,	10,	0,		0.33,	0,		0,		0
6.1,	2.1,	11,	0,		0.33,	0,		0,		0
6.1,	3.01,	13,	0,		0.33,	0,		0,		0
6.1,	4.1,	7,	0,		0.66,	0,		0,		0
6.1,	4.2,	4,	0,		0.66,	0,		0,		0
6.1,	4.3,	8,	0,		0.66,	0,		0,		0
6.1,	5.1,	8,	0,		0.66,	0,		0,		0
6.1,	5.2,	13,	0,		0.66,	0,		0,		0
6.1,	6.2,	4,	1,		1,	1,		0,		20
6.1,	7.1,	7,	0,		0.66,	0,		0,		0
6.1,	7.2,	10,	0,		0.66,	0,		0,		0
6.1,	8.1,	5,	0,		0.66,	0,		0,		0
6.1,	8.2,	7,	0,		0.66,	0,		0,		0
6.1,	9.1,	8,	0,		0.66,	0,		0,		0
6.1,	9.2,	11,	0,		0.66,	0,		0,		0
6.1,	10.1,	10,	0,		0.66,	0,		0,		0
6.1,	10.2,	15,	0,		0.66,	0,		0,		0
6.1,	11.1,	13,	0,		0.33,	0,		0,		0
6.1,	12.1,	7,	0,		0.66,	0,		0,		0
6.1,	13.1,	9,	0,		0.66,	0,		0,		0
6.1,	14.1,	9,	0,		0.66,	0,		0,		0
6.1,	15.1,	13,	0,		0.33,	0,		0,		0
6.1,	25.1,	13,	0,		0.33,	0,		0,		0
6.1,	26.1,	14,	0,		0.33,	0,		0,		0
6.1,	38.1,	14,	0,		0.33,	0,		0,		0
6.1,	39.1,	14,	0,		0.33,	0,		0,		0

6.2,	1.01,	10,	0,		0.33,	0,		0,		0
6.2,	1.2,	15,	0,		0.33,	0,		0,		0
6.2,	1.3,	9,	0,		0.66,	0,		0,		0
6.2,	1.4,	7,	0.8,		0.66,	0,		0,		0
6.2,	1.5,	8,	0,		0.66,	0,		0,		0
6.2,	1.6,	12,	0,		0.33,	0,		0,		0
6.2,	2.1,	12,	0,		0.33,	0,		0,		0
6.2,	3.01,	15,	0,		0.33,	0,		0,		0
6.2,	4.1,	8,	0,		0.66,	0,		0,		0
6.2,	4.2,	6,	0,		0.66,	0,		0,		0
6.2,	4.3,	7,	0,		0.66,	0,		0,		0
6.2,	5.1,	11,	0,		0.33,	0,		0,		0
6.2,	5.2,	16,	0,		0.66,	0,		0,		0
6.2,	6.1,	4,	1,		1,	1,		0,		20
6.2,	7.1,	10,	0,		0.66,	0,		0,		0
6.2,	7.2,	14,	0,		0.66,	0,		0,		0
6.2,	8.1,	6,	0,		0.66,	0,		0,		0
6.2,	8.2,	5,	0,		0.66,	0,		0,		0
6.2,	9.1,	11,	0,		0.33,	0,		0,		0
6.2,	9.2,	15,	0,		0.33,	0,		0,		0
6.2,	10.1,	10,	0,		0.66,	0,		0,		0
6.2,	10.2,	15,	0,		0.33,	0,		0,		0
6.2,	11.1,	15,	0,		0.33,	0,		0,		0
6.2,	12.1,	8,	0,		0.66,	0,		0,		0
6.2,	13.1,	11,	0,		0.33,	0,		0,		0
6.2,	14.1,	8,	0,		0.66,	0,		0,		0
6.2,	15.1,	13,	0,		0.33,	0,		0,		0
6.2,	38.1,	14,	0,		0.33,	0,		0,		0
6.2,	39.1,	16,	0,		0.33,	0,		0,		0

7.1,	1.01,	9,	0,		0.33,	0,		0,		0
7.1,	1.2,	11,	0,		0.66,	0,		0,		0
7.1,	1.3,	6,	0,		0.66,	0,		0,		0
7.1,	1.4,	4,	1,		1,	1,		0,		2.5
7.1,	1.5,	6,	0,		0.66,	0,		0,		0
7.1,	1.6,	10,	0,		0.33,	0,		0,		0
7.1,	2.1,	13,	0,		0.33,	0,		0,		0
7.1,	3.01,	11,	0,		0.33,	0,		0,		0
7.1,	4.1,	9,	0,		0.66,	0,		0,		0
7.1,	4.2,	13,	0,		0.66,	0,		0,		0
7.1,	4.3,	12,	0,		0.33,	0,		0,		0
7.1,	5.1,	5,	0,		0.66,	0,		0,		0
7.1,	5.2,	8,	0,		0.33,	0,		0,		0
7.1,	6.1,	7,	0,		0.66,	0,		0,		0
7.1,	6.2,	10,	0,		0.66,	0,		0,		0
7.1,	7.2,	4,	1,		1,	1,		0,		20
7.1,	8.1,	8,	0,		0.66,	0,		0,		0
7.1,	8.2,	11,	0,		0.33,	0,		0,		0
7.1,	9.1,	5,	0,		0.66,	0,		0,		0
7.1,	9.2,	6,	0,		0.66,	0,		0,		0
7.1,	10.1,	13,	0,		0.33,	0,		0,		0
7.1,	11.1,	10,	0,		0.66,	0,		0,		0
7.1,	11.2,	15,	0,		0.33,	0,		0,		0
7.1,	12.1,	9,	0,		0.66,	0,		0,		0
7.1,	13.1,	8,	0,		0.66,	0,		0,		0
7.1,	14.1,	13,	0,		0.33,	0,		0,		0
7.1,	25.1,	8,	0,		0.66,	0,		0,		0
7.1,	26.1,	11,	0,		0.33,	0,		0,		0
7.1,	27.1,	14,	0,		0.33,	0,		0,		0
7.1,	38.1,	15,	0,		0.33,	0,		0,		0
7.1,	39.1,	13,	0,		0.33,	0,		0,		0

7.2,	1.01,	10,	0,		0.33,	0,		0,		0
7.2,	1.2,	15,	0,		0.33,	0,		0,		0
7.2,	1.3,	9,	0,		0.66,	0,		0,		0
7.2,	1.4,	7,	0.8,		0.66,	0,		0,		0
7.2,	1.5,	9,	0,		0.66,	0,		0,		0
7.2,	1.6,	12,	0,		0.33,	0,		0,		0
7.2,	2.1,	15,	0,		0.33,	0,		0,		0
7.2,	3.01,	12,	0,		0.33,	0,		0,		0
7.2,	4.1,	13,	0,		0.33,	0,		0,		0
7.2,	4.2,	16,	0,		0.33,	0,		0,		0
7.2,	4.3,	16,	0,		0.33,	0,		0,		0
7.2,	5.1,	7,	0,		0.66,	0,		0,		0
7.2,	5.2,	7,	0,		0.33,	0,		0,		0
7.2,	6.1,	10,	0,		0.66,	0,		0,		0
7.2,	6.2,	14,	0,		0.66,	0,		0,		0
7.2,	7.1,	4,	1,		1,	1,		0,		20
7.2,	8.1,	11,	0,		0.33,	0,		0,		0
7.2,	8.2,	15,	0,		0.33,	0,		0,		0
7.2,	9.1,	7,	0,		0.66,	0,		0,		0
7.2,	9.2,	5,	0,		0.66,	0,		0,		0
7.2,	10.1,	15,	0,		0.33,	0,		0,		0
7.2,	11.1,	10,	0,		0.66,	0,		0,		0
7.2,	12.1,	12,	0,		0.33,	0,		0,		0
7.2,	13.1,	9,	0,		0.66,	0,		0,		0
7.2,	25.1,	8,	0,		0.66,	0,		0,		0
7.2,	26.1,	10,	0,		0.66,	0,		0,		0
7.2,	27.1,	14,	0,		0.33,	0,		0,		0
7.2,	39.1,	14,	0,		0.33,	0,		0,		0

8.1,	1.2,	17,	0,		0.33,	0,		0,		0
8.1,	1.3,	10,	0,		0.66,	0,		0,		0
8.1,	1.4,	7,	0,		0.66,	0,		0,		0
8.1,	1.5,	4,	1,		1,	1,		0,		2.5
8.1,	1.6,	6,	0,		0.66,	0,		0,		0
8.1,	4.1,	13,	0,		0.33,	0,		0,		0
8.1,	4.2,	8,	0,		0.66,	0,		0,		0
8.1,	4.3,	12,	0,		0.33,	0,		0,		0
8.1,	5.1,	12,	0,		0.33,	0,		0,		0
8.1,	5.2,	16,	0,		0.66,	0,		0,		0
8.1,	6.1,	5,	0,		0.66,	0,		0,		0
8.1,	6.2,	6,	0,		0.66,	0,		0,		0
8.1,	7.1,	8,	0,		0.66,	0,		0,		0
8.1,	7.2,	11,	0,		0.33,	0,		0,		0
8.1,	8.2,	4,	0,		1,	1,		0,		20
8.1,	9.1,	6,	0.6,		0.66,	0,		0,		0
8.1,	9.2,	9,	0.4,		0.66,	0,		0,		0
8.1,	10.1,	6,	0,		0.66,	0,		0,		0
8.1,	10.2,	10,	0,		0.66,	0,		0,		0
8.1,	11.1,	8,	0,		0.66,	0,		0,		0
8.1,	11.2,	13,	0,		0.33,	0,		0,		0
8.1,	12.1,	3,	0,		0.66,	0,		0,		0
8.1,	13.1,	6,	0,		0.66,	0,		0,		0
8.1,	14.1,	6,	0,		0.66,	0,		0,		0
8.1,	15.1,	9,	0,		0.66,	0,		0,		0
8.1,	16.1,	13,	0,		0.33,	0,		0,		0
8.1,	25.1,	10,	0,		0.66,	0,		0,		0
8.1,	26.1,	11,	0,		0.33,	0,		0,		0
8.1,	27.1,	13,	0,		0.33,	0,		0,		0
8.1,	38.1,	8,	0,		0.66,	0,		0,		0
8.1,	39.1,	9,	0,		0.66,	0,		0,		0
8.1,	40.1,	12,	0,		0.33,	0,		0,		0
8.1,	40.2,	13,	0,		0.33,	0,		0,		0

8.2,	1.3,	11,	0,		0.33,	0,		0,		0
8.2,	1.4,	9,	0,		0.66,	0,		0,		0
8.2,	1.5,	7,	0.8,		0.66,	0,		0,		0
8.2,	1.6,	8,	0,		0.66,	0,		0,		0
8.2,	4.1,	14,	0,		0.33,	0,		0,		0
8.2,	4.2,	9,	0,		0.66,	0,		0,		0
8.2,	4.3,	11,	0,		0.33,	0,		0,		0
8.2,	5.1,	15,	0,		0.33,	0,		0,		0
8.2,	6.1,	7,	0,		0.66,	0,		0,		0
8.2,	6.2,	5,	0,		0.66,	0,		0,		0
8.2,	7.1,	11,	0,		0.33,	0,		0,		0
8.2,	7.2,	15,	0,		0.33,	0,		0,		0
8.2,	8.1,	4,	0,		1,	1,		0,		20
8.2,	9.1,	10,	0.5,		0.66,	0,		0,		0
8.2,	9.2,	14,	0.3,		0.33,	0,		0,		0
8.2,	10.1,	6,	0,		0.66,	0,		0,		0
8.2,	10.2,	10,	0,		0.66,	0,		0,		0
8.2,	11.1,	13,	0,		0.33,	0,		0,		0
8.2,	12.1,	5,	0,		0.66,	0,		0,		0
8.2,	13.1,	9,	0,		0.66,	0,		0,		0
8.2,	14.1,	4,	0,		0.66,	0,		0,		0
8.2,	15.1,	8,	0,		0.66,	0,		0,		0
8.2,	16.1,	11,	0,		0.33,	0,		0,		0
8.2,	17.1,	15,	0,		0.33,	0,		0,		0
8.2,	25.1,	15,	0,		0.33,	0,		0,		0
8.2,	26.1,	15,	0,		0.33,	0,		0,		0
8.2,	38.1,	10,	0,		0.66,	0,		0,		0
8.2,	39.1,	13,	0,		0.33,	0,		0,		0
8.2,	40.1,	13,	0,		0.33,	0,		0,		0
8.2,	40.2,	15,	0,		0.33,	0,		0,		0

9.1,	1.2,	17,	0,		0.33,	0,		0,		0
9.1,	1.3,	10,	0,		0.66,	0,		0,		0
9.1,	1.4,	7,	0,		0.66,	0,		0,		0
9.1,	1.5,	4,	1,		1,	1,		0,		2.5
9.1,	1.6,	6,	0,		0.66,	0,		0,		0
9.1,	4.1,	14,	0,		0.33,	0,		0,		0
9.1,	4.2,	10,	0,		0.33,	0,		0,		0
9.1,	4.3,	15,	0,		0.33,	0,		0,		0
9.1,	5.1,	10,	0,		0.66,	0,		0,		0
9.1,	5.2,	13,	0,		0.66,	0,		0,		0
9.1,	6.1,	8,	0,		0.66,	0,		0,		0
9.1,	6.2,	11,	0,		0.33,	0,		0,		0
9.1,	7.1,	5,	0,		0.66,	0,		0,		0
9.1,	7.2,	7,	0,		0.66,	0,		0,		0
9.1,	8.1,	6,	0.6,		0.66,	0,		0,		0
9.1,	8.2,	10,	0.5,		0.66,	0,		0,		0
9.1,	9.2,	4,	1,		1,	1,		0,		20
9.1,	10.1,	8,	0,		0.66,	0,		0,		0
9.1,	10.2,	12,	0,		0.33,	0,		0,		0
9.1,	11.1,	6,	0,		0.66,	0,		0,		0
9.1,	11.2,	10,	0,		0.66,	0,		0,		0
9.1,	11.3,	14,	0,		0.33,	0,		0,		0
9.1,	12.1,	7,	0,		0.66,	0,		0,		0
9.1,	13.1,	3,	0,		0.8,	0,		0,		0
9.1,	14.1,	10,	0,		0.66,	0,		0,		0
9.1,	15.1,	13,	0,		0.33,	0,		0,		0
9.1,	16.1,	15,	0,		0.33,	0,		0,		0
9.1,	25.1,	5,	0,		0.66,	0,		0,		0
9.1,	26.1,	7,	0,		0.66,	0,		0,		0
9.1,	27.1,	9,	0,		0.66,	0,		0,		0
9.1,	28.1,	13,	0,		0.33,	0,		0,		0
9.1,	38.1,	9,	0,		0.66,	0,		0,		0
9.1,	39.1,	8,	0,		0.66,	0,		0,		0
9.1,	40.1,	12,	0,		0.33,	0,		0,		0
9.1,	40.2,	13,	0,		0.33,	0,		0,		0

9.2,	1.3,	11,	0,		0.33,	0,		0,		0
9.2,	1.4,	9,	0,		0.66,	0,		0,		0
9.2,	1.5,	7,	0.8,		0.66,	0,		0,		0
9.2,	1.6,	8,	0,		0.66,	0,		0,		0
9.2,	4.2,	13,	0,		0.33,	0,		0,		0
9.2,	5.1,	11,	0,		0.66,	0,		0,		0
9.2,	5.2,	12,	0,		0.66,	0,		0,		0
9.2,	6.1,	11,	0,		0.66,	0,		0,		0
9.2,	6.2,	15,	0,		0.33,	0,		0,		0
9.2,	7.1,	6,	0,		0.66,	0,		0,		0
9.2,	7.2,	5,	0,		0.66,	0,		0,		0
9.2,	8.1,	9,	0.4,		0.66,	0,		0,		0
9.2,	8.2,	14,	0.3,		0.33,	0,		0,		0
9.2,	9.1,	4,	1,		1,	1,		0,		20
9.2,	10.1,	12,	0,		0.33,	0,		0,		0
9.2,	10.2,	15,	0,		0.33,	0,		0,		0
9.2,	11.1,	6,	0,		0.66,	0,		0,		0
9.2,	11.2,	10,	0,		0.66,	0,		0,		0
9.2,	11.3,	14,	0,		0.33,	0,		0,		0
9.2,	12.1,	9,	0,		0.66,	0,		0,		0
9.2,	13.1,	6,	0,		0.66,	0,		0,		0
9.2,	14.1,	14,	0,		0.33,	0,		0,		0
9.2,	25.1,	3,	0,		0.8,	0,		0,		0
9.2,	26.1,	6,	0,		0.66,	0,		0,		0
9.2,	27.1,	9,	0,		0.66,	0,		0,		0
9.2,	28.1,	13,	0,		0.33,	0,		0,		0
9.2,	29.1,	15,	0,		0.33,	0,		0,		0
9.2,	38.1,	13,	0,		0.33,	0,		0,		0
9.2,	39.1,	9,	0,		0.66,	0,		0,		0
9.2,	40.1,	15,	0,		0.33,	0,		0,		0
9.2,	40.2,	13,	0,		0.33,	0,		0,		0

10.1,	1.3,	15,	0,		0.33,	0,		0,		0
10.1,	1.4,	12,	0,		0.33,	0,		0,		0
10.1,	1.5,	7,	0,		0.66,	0,		0,		0
10.1,	1.6,	4,	1,		1,	1,		0,		20
10.1,	4.2,	14,	0,		0.33,	0,		0,		0
10.1,	6.1,	10,	0,		0.66,	0,		0,		0
10.1,	6.2,	10,	0,		0.66,	0,		0,		0
10.1,	7.1,	13,	0,		0.33,	0,		0,		0
10.1,	7.2,	15,	0,		0.33,	0,		0,		0
10.1,	8.1,	6,	0,		0.66,	0,		0,		0
10.1,	8.2,	6,	0,		0.66,	0,		0,		0
10.1,	9.1,	8,	0,		0.66,	0,		0,		0
10.1,	9.2,	12,	0,		0.33,	0,		0,		0
10.1,	10.2,	5,	1,		1,	1,		0,		20
10.1,	10.3,	10,	0.8,		0.8,	0,		0,		0
10.1,	10.4,	17,	0.7,		0.5,	0,		0,		0
10.1,	10.5,	21,	0.6,		0.2,	0,		0,		0
10.1,	10.6,	24,	0.5,		0.1,	0,		0,		0
10.1,	11.1,	8,	0.8,		0.66,	0,		0,		0
10.1,	11.2,	10,	0,		0.66,	0,		0,		0
10.1,	11.3,	13,	0,		0.33,	0,		0,		0
10.1,	12.1,	3,	1,		1,	1,		0,		2.5
10.1,	13.1,	7,	0,		0.66,	0,		0,		0
10.1,	14.1,	3,	1,		0.8,	1,		0,		2.5
10.1,	15.1,	4,	0,		0.66,	0,		0,		0
10.1,	16.1,	7,	0,		0.66,	0,		0,		0
10.1,	17.1,	10,	0,		0.66,	0,		0,		0
10.1,	18.1,	13,	0,		0.33,	0,		0,		0
10.1,	25.1,	11,	0,		0.33,	0,		0,		0
10.1,	26.1,	11,	0,		0.33,	0,		0,		0
10.1,	27.1,	12,	0,		0.33,	0,		0,		0
10.1,	28.1,	13,	0,		0.33,	0,		0,		0
10.1,	38.1,	5,	0,		0.66,	0,		0,		0
10.1,	39.1,	7,	0,		0.66,	0,		0,		0
10.1,	40.1,	7,	0,		0.66,	0,		0,		0
10.1,	40.2,	9,	0,		0.66,	0,		0,		0
10.1,	41.1,	12,	0,		0.33,	0,		0,		0
10.1,	42.1,	12,	0,		0.33,	0,		0,		0

10.2,	1.5,	11,	0,		0.33,	0,		0,		0
10.2,	1.6,	7,	0,		0.66,	0,		0,		0
10.2,	6.1,	15,	0,		0.66,	0,		0,		0
10.2,	6.2,	15,	0,		0.33,	0,		0,		0
10.2,	8.1,	10,	0,		0.66,	0,		0,		0
10.2,	8.2,	10,	0,		0.66,	0,		0,		0
10.2,	9.1,	12,	0,		0.33,	0,		0,		0
10.2,	9.2,	15,	0,		0.33,	0,		0,		0
10.2,	10.1,	5,	1,		1,	1,		0,		20
10.2,	10.3,	5,	1,		1,	1,		0,		20
10.2,	10.4,	12,	0.8,		0.8,	0,		0,		0
10.2,	10.5,	17,	0.7,		0.5,	0,		0,		0
10.2,	10.6,	20,	0.6,		0.4,	0,		0,		0
10.2,	11.1,	9,	0,		0.66,	0,		0,		0
10.2,	11.2,	9,	0,		0.66,	0,		0,		0
10.2,	11.3,	9,	0,		0.66,	0,		0,		0
10.2,	11.4,	11,	0,		0.33,	0,		0,		0
10.2,	11.5,	15,	0,		0.33,	0,		0,		0
10.2,	12.1,	8,	0,		0.66,	0,		0,		0
10.2,	13.1,	9,	0,		0.66,	0,		0,		0
10.2,	14.1,	8,	0,		0.66,	0,		0,		0
10.2,	15.1,	4,	1,		0.8,	1,		0,		2.5
10.2,	16.1,	4,	1,		0.8,	1,		0,		2.5
10.2,	17.1,	6,	0,		0.66,	0,		0,		0
10.2,	18.1,	8,	0,		0.66,	0,		0,		0
10.2,	19.1,	11,	0,		0.33,	0,		0,		0
10.2,	20.1,	13,	0,		0.33,	0,		0,		0
10.2,	25.1,	13,	0,		0.33,	0,		0,		0
10.2,	26.1,	12,	0,		0.33,	0,		0,		0
10.2,	27.1,	11,	0,		0.33,	0,		0,		0
10.2,	28.1,	11,	0,		0.33,	0,		0,		0
10.2,	29.1,	12,	0,		0.33,	0,		0,		0
10.2,	30.1,	13,	0,		0.33,	0,		0,		0
10.2,	31.1,	14,	0,		0.33,	0,		0,		0
10.2,	38.1,	4,	1,		0.8,	1,		0,		2.5
10.2,	39.1,	7,	0,		0.66,	0,		0,		0
10.2,	40.1,	4,	1,		0.8,	1,		0,		2.5
10.2,	40.2,	6,	0,		0.66,	0,		0,		0
10.2,	41.1,	7,	0,		0.66,	0,		0,		0
10.2,	42.1,	8,	0,		0.66,	0,		0,		0
10.2,	43.1,	11,	0,		0.33,	0,		0,		0
10.2,	44.1,	12,	0,		0.33,	0,		0,		0
10.2,	45.1,	14,	0,		0.33,	0,		0,		0

10.3,	1.6,	11,	0,		0.33,	0,		0,		0
10.3,	10.1,	10,	0.8,		0.8,	0,		0,		0
10.3,	10.2,	5,	1,		1,	1,		0,		20
10.3,	10.4,	7,	1,		0.66,	1,		0,		20
10.3,	10.5,	11,	0.8,		0.33,	0,		0,		0
10.3,	10.6,	15,	0.7,		0.33,	0,		0,		0
10.3,	11.1,	14,	0,		0.33,	0,		0,		0
10.3,	11.2,	10,	0,		0.66,	0,		0,		0
10.3,	11.3,	9,	0,		0.66,	0,		0,		0
10.3,	11.4,	9,	0,		0.66,	0,		0,		0
10.3,	11.5,	11,	0,		0.33,	0,		0,		0
10.3,	11.6,	15,	0,		0.33,	0,		0,		0
10.3,	12.1,	13,	0,		0.33,	0,		0,		0
10.3,	13.1,	14,	0,		0.33,	0,		0,		0
10.3,	14.1,	12,	0,		0.33,	0,		0,		0
10.3,	15.1,	8,	0,		0.66,	0,		0,		0
10.3,	16.1,	5,	0,		0.66,	0,		0,		0
10.3,	17.1,	4,	1,		0.8,	1,		0,		2.5
10.3,	18.1,	4,	1,		0.8,	1,		0,		2.5
10.3,	19.1,	6,	0,		0.66,	0,		0,		0
10.3,	20.1,	8,	0,		0.66,	0,		0,		0
10.3,	21.1,	10,	0,		0.66,	0,		0,		0
10.3,	22.1,	13,	0,		0.33,	0,		0,		0
10.3,	23.1,	14,	0,		0.33,	0,		0,		0
10.3,	26.1,	15,	0,		0.33,	0,		0,		0
10.3,	27.1,	13,	0,		0.33,	0,		0,		0
10.3,	28.1,	12,	0,		0.33,	0,		0,		0
10.3,	29.1,	12,	0,		0.33,	0,		0,		0
10.3,	30.1,	12,	0,		0.33,	0,		0,		0
10.3,	31.1,	13,	0,		0.33,	0,		0,		0
10.3,	32.1,	13,	0,		0.33,	0,		0,		0
10.3,	33.1,	14,	0,		0.33,	0,		0,		0
10.3,	38.1,	8,	0,		0.66,	0,		0,		0
10.3,	39.1,	9,	0,		0.66,	0,		0,		0
10.3,	40.1,	5,	0,		0.66,	0,		0,		0
10.3,	40.2,	8,	0,		0.66,	0,		0,		0
10.3,	41.1,	6,	1,		0.66,	1,		0,		2.5
10.3,	42.1,	8,	0,		0.66,	0,		0,		0
10.3,	43.1,	6,	0,		0.66,	0,		0,		0
10.3,	44.1,	8,	0,		0.66,	0,		0,		0
10.3,	45.1,	9,	0,		0.66,	0,		0,		0
10.3,	45.2,	11,	0,		0.33,	0,		0,		0
10.3,	46.1,	13,	0,		0.33,	0,		0,		0

10.4,	10.1,	17,	0.7,		0.5,	0,		0,		0
10.4,	10.2,	12,	0.8,		0.8,	0,		0,		0
10.4,	10.3,	7,	1,		0.66,	1,		0,		20
10.4,	10.5,	5,	1,		1,	1,		0,		20
10.4,	10.6,	8,	0,		0.66,	0,		0,		0
10.4,	11.2,	15,	0,		0.33,	0,		0,		0
10.4,	11.3,	12,	0,		0.33,	0,		0,		0
10.4,	11.4,	10,	0,		0.66,	0,		0,		0
10.4,	11.5,	9,	0,		0.66,	0,		0,		0
10.4,	11.6,	10,	0,		0.66,	0,		0,		0
10.4,	11.7,	13,	0,		0.33,	0,		0,		0
10.4,	15.1,	14,	0,		0.33,	0,		0,		0
10.4,	16.1,	11,	0,		0.33,	0,		0,		0
10.4,	17.1,	8,	0,		0.66,	0,		0,		0
10.4,	18.1,	5,	0,		0.66,	0,		0,		0
10.4,	19.1,	4,	1,		1,	1,		0,		2.5
10.4,	20.1,	4,	1,		1,	1,		0,		2.5
10.4,	21.1,	4,	0,		0.8,	0,		0,		0
10.4,	22.1,	6,	0,		0.66,	0,		0,		0
10.4,	23.1,	8,	0,		0.66,	0,		0,		0
10.4,	24.1,	10,	0,		0.66,	0,		0,		0
10.4,	28.1,	15,	0,		0.33,	0,		0,		0
10.4,	29.1,	13,	0,		0.33,	0,		0,		0
10.4,	30.1,	12,	0,		0.33,	0,		0,		0
10.4,	31.1,	12,	0,		0.33,	0,		0,		0
10.4,	32.1,	12,	0,		0.33,	0,		0,		0
10.4,	33.1,	12,	0,		0.33,	0,		0,		0
10.4,	34.1,	12,	0,		0.33,	0,		0,		0
10.4,	35.1,	13,	0,		0.33,	0,		0,		0
10.4,	36.1,	14,	0,		0.33,	0,		0,		0
10.4,	38.1,	13,	0,		0.33,	0,		0,		0
10.4,	40.1,	10,	0,		0.66,	0,		0,		0
10.4,	40.2,	12,	0,		0.33,	0,		0,		0
10.4,	41.1,	7,	0,		0.66,	0,		0,		0
10.4,	42.1,	8,	0,		0.66,	0,		0,		0
10.4,	43.1,	4,	1,		1,	1,		0,		2.5
10.4,	44.1,	7,	0,		0.66,	0,		0,		0
10.4,	45.1,	4,	1,		1,	1,		0,		2.5
10.4,	45.2,	7,	0,		0.66,	0,		0,		0
10.4,	46.1,	7,	0,		0.66,	0,		0,		0
10.4,	47.1,	8,	0,		0.66,	0,		0,		0
10.4,	48.1,	11,	0,		0.33,	0,		0,		0
10.4,	49.01,	14,	0,		0.33,	0,		0,		0

10.5,	10.1,	21,	0.6,		0.2,	0,		0,		0
10.5,	10.2,	17,	0.7,		0.5,	0,		0,		0
10.5,	10.3,	11,	0.8,		0.33,	0,		0,		0
10.5,	10.4,	5,	1,		1,	1,		0,		20
10.5,	10.6,	4,	1,		0.8,	1,		0,		20
10.5,	11.4,	12,	0,		0.33,	0,		0,		0
10.5,	11.5,	10,	0,		0.66,	0,		0,		0
10.5,	11.6,	9,	0,		0.66,	0,		0,		0
10.5,	11.7,	10,	0,		0.66,	0,		0,		0
10.5,	16.1,	15,	0,		0.33,	0,		0,		0
10.5,	17.1,	11,	0,		0.33,	0,		0,		0
10.5,	18.1,	9,	0,		0.66,	0,		0,		0
10.5,	19.1,	7,	0,		0.66,	0,		0,		0
10.5,	20.1,	5,	0,		0.66,	0,		0,		0
10.5,	21.1,	4,	1,		0.8,	1,		0,		2.5
10.5,	22.1,	4,	1,		0.8,	1,		0,		2.5
10.5,	23.1,	4,	0,		0.8,	0,		0,		0
10.5,	24.1,	6,	0,		0.66,	0,		0,		0
10.5,	30.1,	15,	0,		0.33,	0,		0,		0
10.5,	31.1,	14,	0,		0.33,	0,		0,		0
10.5,	32.1,	13,	0,		0.33,	0,		0,		0
10.5,	33.1,	12,	0,		0.33,	0,		0,		0
10.5,	34.1,	11,	0,		0.33,	0,		0,		0
10.5,	35.1,	11,	0,		0.33,	0,		0,		0
10.5,	36.1,	12,	0,		0.33,	0,		0,		0
10.5,	37.1,	13,	0,		0.33,	0,		0,		0
10.5,	40.1,	15,	0,		0.33,	0,		0,		0
10.5,	41.1,	10,	0,		0.66,	0,		0,		0
10.5,	42.1,	13,	0,		0.33,	0,		0,		0
10.5,	43.1,	7,	0,		0.66,	0,		0,		0
10.5,	44.1,	9,	0,		0.66,	0,		0,		0
10.5,	45.1,	4,	0,		0.8,	0,		0,		0
10.5,	45.2,	7,	0,		0.66,	0,		0,		0
10.5,	46.1,	4,	1,		0.8,	1,		0,		20
10.5,	47.1,	4,	0,		0.8,	0,		0,		0
10.5,	48.1,	8,	0,		0.66,	0,		0,		0
10.5,	49.01,	9,	0,		0.66,	0,		0,		0

10.6,	10.1,	24,	0.5,		0.1,	0,		0,		0
10.6,	10.2,	20,	0.6,		0.4,	0,		0,		0
10.6,	10.3,	15,	0.7,		0.33,	0,		0,		0
10.6,	10.4,	8,	0,		0.66,	0,		0,		0
10.6,	10.5,	4,	1,		0.8,	1,		0,		20
10.6,	11.5,	13,	0,		0.33,	0,		0,		0
10.6,	11.6,	10,	0,		0.66,	0,		0,		0
10.6,	11.7,	9,	0,		0.66,	0,		0,		0
10.6,	17.1,	15,	0,		0.33,	0,		0,		0
10.6,	18.1,	13,	0,		0.33,	0,		0,		0
10.6,	19.1,	10,	0,		0.66,	0,		0,		0
10.6,	20.1,	8,	0,		0.66,	0,		0,		0
10.6,	21.1,	6,	0,		0.66,	0,		0,		0
10.6,	22.1,	4,	0,		0.8,	0,		0,		0
10.6,	23.1,	4,	1,		0.8,	1,		0,		2.5
10.6,	24.1,	4,	1,		0.8,	1,		0,		2.5
10.6,	32.1,	15,	0,		0.33,	0,		0,		0
10.6,	33.1,	14,	0,		0.33,	0,		0,		0
10.6,	34.1,	13,	0,		0.33,	0,		0,		0
10.6,	35.1,	12,	0,		0.33,	0,		0,		0
10.6,	36.1,	12,	0,		0.33,	0,		0,		0
10.6,	37.1,	12,	0,		0.33,	0,		0,		0
10.6,	41.1,	14,	0,		0.33,	0,		0,		0
10.6,	43.1,	10,	0,		0.66,	0,		0,		0
10.6,	44.1,	12,	0,		0.33,	0,		0,		0
10.6,	45.1,	7,	0,		0.66,	0,		0,		0
10.6,	45.2,	9,	0,		0.66,	0,		0,		0
10.6,	46.1,	6,	0,		0.66,	0,		0,		0
10.6,	47.1,	4,	0,		0.8,	0,		0,		0
10.6,	48.1,	7,	0,		0.66,	0,		0,		0
10.6,	49.01,	7,	0,		0.33,	0,		0,		0

11.1,	1.3,	15,	0,		0.33,	0,		0,		0		
11.1,	1.4,	12,	0,		0.33,	0,		0,		0
11.1,	1.5,	7,	0,		0.66,	0,		0,		0
11.1,	1.6,	4,	1,		1,	1,		0,		20
11.1,	4.2,	16,	0,		0.66,	0,		0,		0
11.1,	5.1,	15,	0,		0.33,	0,		0,		0
11.1,	6.1,	13,	0,		0.33,	0,		0,		0
11.1,	6.2,	15,	0,		0.33,	0,		0,		0
11.1,	7.1,	10,	0,		0.66,	0,		0,		0
11.1,	7.2,	10,	0,		0.66,	0,		0,		0
11.1,	8.1,	8,	0,		0.66,	0,		0,		0
11.1,	8.2,	13,	0,		0.33,	0,		0,		0
11.1,	9.1,	6,	0,		0.66,	0,		0,		0
11.1,	9.2,	6,	0,		0.66,	0,		0,		0
11.1,	10.1,	8,	0.8,		0.66,	0,		0,		0
11.1,	10.2,	9,	0,		0.66,	0,		0,		0
11.1,	10.3,	14,	0,		0.33,	0,		0,		0
11.1,	11.2,	6,	1,		1,	1,		0,		20
11.1,	11.3,	8,	0.8,		0.8,	0,		0,		0
11.1,	11.4,	13,	0.7,		0.6,	0,		0,		0
11.1,	11.5,	17,	0.6,		0.6,	0,		0,		0
11.1,	11.6,	21,	0.5,		0.5,	0,		0,		0
11.1,	11.7,	24,	0.4,		0.4,	0,		0,		0
11.1,	12.1,	8,	0,		0.66,	0,		0,		0
11.1,	13.1,	4,	1,		0.8,	1,		0,		2.5
11.1,	14.1,	11,	0,		0.33,	0,		0,		0
11.1,	15.1,	12,	0,		0.33,	0,		0,		0
11.1,	16.1,	13,	0,		0.33,	0,		0,		0
11.1,	25.1,	4,	1,		1,	1,		0,		2.5
11.1,	26.1,	4,	1,		1,	1,		0,		2.5
11.1,	27.1,	4,	0,		0.8,	0,		0,		0
11.1,	28.1,	8,	0,		0.66,	0,		0,		0
11.1,	29.1,	10,	0,		0.66,	0,		0,		0
11.1,	30.1,	13,	0,		0.33,	0,		0,		0
11.1,	31.1,	14,	0,		0.33,	0,		0,		0
11.1,	38.1,	8,	0,		0.66,	0,		0,		0
11.1,	39.1,	4,	0,		0.8,	0,		0,		0
11.1,	40.1,	9,	0,		0.66,	0,		0,		0
11.1,	40.2,	7,	0,		0.66,	0,		0,		0
11.1,	41.1,	14,	0,		0.33,	0,		0,		0
11.1,	42.1,	11,	0,		0.33,	0,		0,		0

11.2,	1.5,	11,	0,		0.33,	0,		0,		0
11.2,	1.6,	7,	0,		0.66,	0,		0,		0
11.2,	7.1,	15,	0,		0.33,	0,		0,		0
11.2,	8.1,	13,	0,		0.33,	0,		0,		0
11.2,	9.1,	10,	0,		0.66,	0,		0,		0
11.2,	9.2,	10,	0,		0.66,	0,		0,		0
11.2,	10.1,	10,	0,		0.66,	0,		0,		0
11.2,	10.2,	9,	0,		0.66,	0,		0,		0
11.2,	10.3,	10,	0,		0.66,	0,		0,		0
11.2,	10.4,	15,	0,		0.33,	0,		0,		0
11.2,	11.1,	6,	1,		1,	1,		0,		20
11.2,	11.3,	4,	1,		1,	1,		0,		20
11.2,	11.4,	8,	0.8,		0.8,	0,		0,		0
11.2,	11.5,	11,	0.6,		0.7,	0,		0,		0
11.2,	11.6,	17,	0.6,		0.5,	0,		0,		0
11.2,	11.7,	20,	0.5,		0.5,	0,		0,		0
11.2,	12.1,	10,	0,		0.66,	0,		0,		0
11.2,	13.1,	8,	0,		0.66,	0,		0,		0
11.2,	14.1,	13,	0,		0.33,	0,		0,		0
11.2,	15.1,	12,	0,		0.33,	0,		0,		0
11.2,	16.1,	12,	0,		0.33,	0,		0,		0
11.2,	17.1,	13,	0,		0.33,	0,		0,		0
11.2,	18.1,	14,	0,		0.33,	0,		0,		0
11.2,	25.1,	8,	0,		0.66,	0,		0,		0
11.2,	26.1,	6,	0,		0.66,	0,		0,		0
11.2,	27.1,	4,	1,		0.8,	1,		0,		2.5
11.2,	28.1,	4,	1,		1,	1,		0,		2.5
11.2,	29.1,	6,	0,		1,	0,		0,		0
11.2,	30.1,	8,	0,		0.66,	0,		0,		0
11.2,	31.1,	9,	0,		0.66,	0,		0,		0
11.2,	32.1,	11,	0,		0.33,	0,		0,		0
11.2,	33.1,	13,	0,		0.33,	0,		0,		0
11.2,	38.1,	8,	0,		0.66,	0,		0,		0
11.2,	39.1,	4,	1,		1,	1,		0,		2.5
11.2,	40.1,	8,	0,		0.66,	0,		0,		0
11.2,	40.2,	4,	1,		1,	1,		0,		2.5
11.2,	41.1,	9,	0,		0.66,	0,		0,		0
11.2,	42.1,	6,	0,		0.66,	0,		0,		0
11.2,	43.1,	12,	0,		0.33,	0,		0,		0
11.2,	44.1,	10,	0,		0.66,	0,		0,		0
11.2,	45.2,	14,	0,		0.33,	0,		0,		0

11.3,	1.5,	15	0,		0.33,	0,		0,		0
11.3,	1.6,	9,	0,		0.66,	0,		0,		0
11.3,	9.1,	14,	0,		0.33,	0,		0,		0
11.3,	9.2,	14,	0,		0.33,	0,		0,		0
11.3,	10.1,	13,	0,		0.33,	0,		0,		0
11.3,	10.2,	9,	0,		0.66,	0,		0,		0
11.3,	10.3,	9,	0,		0.66,	0,		0,		0
11.3,	10.4,	12,	0,		0.33,	0,		0,		0
11.3,	11.1,	8,	0.8,		0.8,	0,		0,		0
11.3,	11.2,	4,	1,		1,	1,		0,		20
11.3,	11.4,	4,	1,		1,	1,		0,		20
11.3,	11.5,	8,	0.8,		0.66,	0,		0,		0
11.3,	11.6,	13,	0.7,		0.33,	0,		0,		0
11.3,	11.7,	17,	0.6,		0.33,	0,		0,		0
11.3,	12.1,	13,	0,		0.33,	0,		0,		0
11.3,	13.1,	11,	0,		0.33,	0,		0,		0
11.3,	14.1,	15,	0,		0.33,	0,		0,		0
11.3,	15.1,	13,	0,		0.33,	0,		0,		0
11.3,	16.1,	12,	0,		0.33,	0,		0,		0
11.3,	17.1,	12,	0,		0.33,	0,		0,		0
11.3,	18.1,	12,	0,		0.33,	0,		0,		0
11.3,	19.1,	13,	0,		0.33,	0,		0,		0
11.3,	20.1,	15,	0,		0.33,	0,		0,		0
11.3,	25.1,	11,	0,		0.33,	0,		0,		0
11.3,	26.1,	9,	0,		0.66,	0,		0,		0
11.3,	27.1,	6,	0,		0.66,	0,		0,		0
11.3,	28.1,	4,	0,		0.8,	0,		0,		0
11.3,	29.1,	4,	0,		0.8,	0,		0,		0
11.3,	30.1,	4,	0,		0.8,	0,		0,		0
11.3,	31.1,	6,	0,		0.66,	0,		0,		0
11.3,	32.1,	8,	0,		0.66,	0,		0,		0
11.3,	33.1,	9,	0,		0.66,	0,		0,		0
11.3,	34.1,	12,	0,		0.33,	0,		0,		0
11.3,	35.1,	14,	0,		0.33,	0,		0,		0
11.3,	38.1,	8,	0,		0.66,	0,		0,		0
11.3,	39.1,	7,	0,		0.66,	0,		0,		0
11.3,	40.1,	7,	0,		0.66,	0,		0,		0
11.3,	40.2,	4,	0,		0.8,	0,		0,		0
11.3,	41.1,	7,	0,		0.66,	0,		0,		0
11.3,	42.1,	4,	0,		0.8,	0,		0,		0
11.3,	43.1,	9,	0,		0.66,	0,		0,		0
11.3,	44.1,	7,	0,		0.66,	0,		0,		0
11.3,	45.1,	13,	0,		0.33,	0,		0,		0
11.3,	45.2,	11,	0,		0.33,	0,		0,		0
11.3,	46.1,	15,	0,		0.33,	0,		0,		0

11.4,	1.6,	14,	0,		0.33,	0,		0,		0
11.4,	10.2,	11,	0,		0.33,	0,		0,		0
11.4,	10.3,	9,	0,		0.66,	0,		0,		0
11.4,	10.4,	10,	0,		0.66,	0,		0,		0
11.4,	10.5,	12,	0,		0.33,	0,		0,		0
11.4,	11.1,	13,	0.7,		0.6,	0,		0,		0
11.4,	11.2,	8,	0.8,		0.8,	0,		0,		0
11.4,	11.3,	4,	1,		1,	1,		0,		20
11.4,	11.5,	4,	1,		1,	1,		0,		20
11.4,	11.6,	9,	0,		0.66,	0,		0,		0
11.4,	11.7,	13,	0,		0.33,	0,		0,		0
11.4,	13.1,	15,	0,		0.33,	0,		0,		0
11.4,	15.1,	15,	0,		0.33,	0,		0,		0
11.4,	16.1,	16,	0,		0.33,	0,		0,		0
11.4,	17.1,	12,	0,		0.33,	0,		0,		0
11.4,	18.1,	12,	0,		0.33,	0,		0,		0
11.4,	19.1,	12,	0,		0.33,	0,		0,		0
11.4,	20.1,	13,	0,		0.33,	0,		0,		0
11.4,	21.1,	14,	0,		0.33,	0,		0,		0
11.4,	25.1,	15,	0,		0.33,	0,		0,		0
11.4,	26.1,	12,	0,		0.33,	0,		0,		0
11.4,	27.1,	8,	0,		0.66,	0,		0,		0
11.4,	28.1,	6,	0,		0.66,	0,		0,		0
11.4,	29.1,	4,	1,		1,	1,		0,		2.5
11.4,	30.1,	4,	1,		1,	1,		0,		2.5
11.4,	31.1,	4,	1,		1,	1,		0,		2.5
11.4,	32.1,	5,	0,		0.66,	0,		0,		0
11.4,	33.1,	7,	0,		0.66,	0,		0,		0
11.4,	34.1,	8,	0,		0.66,	0,		0,		0
11.4,	35.1,	10,	0,		0.66,	0,		0,		0
11.4,	36.1,	12,	0,		0.33,	0,		0,		0
11.4,	37.1,	15,	0,		0.33,	0,		0,		0
11.4,	38.1,	11,	0,		0.33,	0,		0,		0
11.4,	39.1,	10,	0,		0.66,	0,		0,		0
11.4,	40.1,	8,	0,		0.66,	0,		0,		0
11.4,	40.2,	7,	0,		0.66,	0,		0,		0
11.4,	41.1,	8,	0,		0.66,	0,		0,		0
11.4,	42.1,	4,	1,		1,	1,		0,		2.5
11.4,	43.1,	8,	0,		0.66,	0,		0,		0
11.4,	44.1,	4,	0,		0.8,	0,		0,		0
11.4,	45.1,	9,	0,		0.66,	0,		0,		0
11.4,	45.2,	7,	0,		0.66,	0,		0,		0
11.4,	46.1,	12,	0,		0.33,	0,		0,		0
11.4,	47.1,	15,	0,		0.33,	0,		0,		0
11.4,	48.1,	14,	0,		0.33,	0,		0,		0

11.5,	10.2,	15,	0,		0.33,	0,		0,		0
11.5,	10.3,	11,	0,		0.33,	0,		0,		0
11.5,	10.4,	9,	0,		0.66,	0,		0,		0
11.5,	10.5,	10,	0,		0.66,	0,		0,		0
11.5,	10.6,	13,	0,		0.33,	0,		0,		0
11.5,	11.1,	17,	0.6,		0.6,	0,		0,		0
11.5,	11.2,	11,	0.6,		0.7,	0,		0,		0
11.5,	11.3,	8,	0.8,		0.66,	0,		0,		0
11.5,	11.4,	4,	1,		1,	1,		0,		20
11.5,	11.6,	5,	1,		1,	1,		0,		20
11.5,	11.7,	8,	0.8,		0.8,	0,		0,		0
11.5,	17.1,	13,	0,		0.33,	0,		0,		0
11.5,	18.1,	12,	0,		0.33,	0,		0,		0
11.5,	19.1,	12,	0,		0.33,	0,		0,		0
11.5,	20.1,	12,	0,		0.33,	0,		0,		0
11.5,	21.1,	12,	0,		0.33,	0,		0,		0
11.5,	22.1,	13,	0,		0.33,	0,		0,		0
11.5,	23.1,	14,	0,		0.33,	0,		0,		0
11.5,	27.1,	13,	0,		0.33,	0,		0,		0
11.5,	28.1,	9,	0,		0.66,	0,		0,		0
11.5,	29.1,	7,	0,		0.66,	0,		0,		0
11.5,	30.1,	6,	0,		0.66,	0,		0,		0
11.5,	31.1,	4,	0,		1,	0,		0,		0
11.5,	32.1,	4,	1,		1,	1,		0,		2.5
11.5,	33.1,	4,	1,		1,	1,		0,		2.5
11.5,	34.1,	4,	0,		1,	0,		0,		0
11.5,	35.1,	7,	0,		0.66,	0,		0,		0
11.5,	36.1,	8,	0,		0.66,	0,		0,		0
11.5,	37.1,	10,	0,		0.66,	0,		0,		0
11.5,	38.1,	14,	0,		0.33,	0,		0,		0
11.5,	39.1,	14,	0,		0.33,	0,		0,		0
11.5,	40.1,	12,	0,		0.33,	0,		0,		0
11.5,	40.2,	10,	0,		0.66,	0,		0,		0
11.5,	41.1,	8,	0,		0.66,	0,		0,		0
11.5,	42.1,	7,	0,		0.66,	0,		0,		0
11.5,	43.1,	7,	0,		0.66,	0,		0,		0
11.5,	44.1,	4,	1,		1,	1,		0,		2.5
11.5,	45.1,	7,	0,		0.66,	0,		0,		0
11.5,	45.2,	4,	1,		1,	1,		0,		2.5
11.5,	46.1,	8,	0,		0.66,	0,		0,		0
11.5,	47.1,	11,	0,		0.33,	0,		0,		0
11.5,	48.1,	9,	0,		0.66,	0,		0,		0
11.5,	49.01,	14,	0,		0.33,	0,		0,		0

11.6,	10.3,	15,	0,		0.33,	0,		0,		0
11.6,	10.4,	10,	0,		0.66,	0,		0,		0
11.6,	10.5,	9,	0,		0.66,	0,		0,		0
11.6,	10.6,	10,	0,		0.66,	0,		0,		0
11.6,	11.1,	21,	0.5,		0.5,	0,		0,		0
11.6,	11.2,	17,	0.6,		0.5,	0,		0,		0
11.6,	11.3,	13,	0.7,		0.33,	0,		0,		0
11.6,	11.4,	9,	0,		0.66,	0,		0,		0
11.6,	11.5,	5,	1,		1,	1,		0,		20
11.6,	11.7,	4,	1,		1,	1,		0,		20
11.6,	18.1,	14,	0,		0.33,	0,		0,		0
11.6,	19.1,	13,	0,		0.33,	0,		0,		0
11.6,	20.1,	12,	0,		0.33,	0,		0,		0
11.6,	21.1,	11,	0,		0.33,	0,		0,		0
11.6,	22.1,	11,	0,		0.33,	0,		0,		0
11.6,	23.1,	12,	0,		0.33,	0,		0,		0
11.6,	24.1,	13,	0,		0.33,	0,		0,		0
11.6,	28.1,	14,	0,		0.33,	0,		0,		0
11.6,	29.1,	11,	0,		0.33,	0,		0,		0
11.6,	30.1,	9,	0,		0.66,	0,		0,		0
11.6,	31.1,	8,	0,		0.66,	0,		0,		0
11.6,	32.1,	6,	0,		0.66,	0,		0,		0
11.6,	33.1,	4,	0,		0.8,	0,		0,		0
11.6,	34.1,	4,	1,		1,	1,		0,		2.5
11.6,	35.1,	4,	1,		1,	1,		0,		2.5
11.6,	36.1,	4,	0,		0.8,	0,		0,		0
11.6,	37.1,	6,	0,		0.66,	0,		0,		0
11.6,	41.1,	12,	0,		0.33,	0,		0,		0
11.6,	42.1,	11,	0,		0.33,	0,		0,		0
11.6,	43.1,	9,	0,		0.66,	0,		0,		0
11.6,	44.1,	7,	0,		0.66,	0,		0,		0
11.6,	45.1,	8,	0,		0.66,	0,		0,		0
11.6,	45.2,	4,	0,		0.8,	0,		0,		0
11.6,	46.1,	6,	1,		1,	1,		0,		20
11.6,	47.1,	8,	0,		0.66,	0,		0,		0
11.6,	48.1,	5,	0,		0.66,	0,		0,		0
11.6,	49.01,	9,	0,		0.66,	0,		0,		0

11.7,	10.4,	13,	0,		0.33,	0,		0,		0
11.7,	10.5,	10,	0,		0.66,	0,		0,		0
11.7,	10.6,	9,	0,		0.66,	0,		0,		0
11.7,	11.1,	24,	0.4,		0.4,	0,		0,		0
11.7,	11.2,	20,	0.5,		0.5,	0,		0,		0
11.7,	11.3,	17,	0.6,		0.33,	0,		0,		0
11.7,	11.4,	13,	0,		0.33,	0,		0,		0
11.7,	11.5,	8,	0.8,		0.8,	0,		0,		0
11.7,	11.6,	4,	1,		1,	1,		0,		20
11.7,	20.1,	14,	0,		0.33,	0,		0,		0
11.7,	21.1,	13,	0,		0.33,	0,		0,		0
11.7,	22.1,	12,	0,		0.33,	0,		0,		0
11.7,	23.1,	11,	0,		0.33,	0,		0,		0
11.7,	24.1,	11,	0,		0.33,	0,		0,		0
11.7,	30.1,	13,	0,		0.33,	0,		0,		0
11.7,	31.1,	11,	0,		0.33,	0,		0,		0
11.7,	32.1,	9,	0,		0.66,	0,		0,		0
11.7,	33.1,	8,	0,		0.66,	0,		0,		0
11.7,	34.1,	6,	0,		0.66,	0,		0,		0
11.7,	35.1,	4,	0,		0.8,	0,		0,		0
11.7,	36.1,	4,	1,		1,	1,		0,		2.5
11.7,	37.1,	4,	1,		1,	1,		0,		2.5
11.7,	43.1,	12,	0,		0.33,	0,		0,		0
11.7,	44.1,	10,	0,		0.66,	0,		0,		0
11.7,	45.1,	9,	0,		0.66,	0,		0,		0
11.7,	45.2,	7,	0,		0.66,	0,		0,		0
11.7,	46.1,	6,	0,		0.66,	0,		0,		0
11.7,	47.1,	7,	0,		0.66,	0,		0,		0
11.7,	48.1,	4,	0,		0.8,	0,		0,		0
11.7,	49.01,	7,	0,		0.66,	0,		0,		0

12.1,	1.3,	13,	0,		0.33,	0,		0,		0		
12.1,	1.4,	9,	0,		0.66,	0,		0,		0
12.1,	1.5,	5,	0,		0.9,	0,		0,		0
12.1,	1.6,	4,	0,		0.9,	0,		0,		0
12.1,	4.1,	15,	0,		0.33,	0,		0,		0
12.1,	4.2,	11,	0,		0.33,	0,		0,		0
12.1,	4.3,	14,	0,		0.33,	0,		0,		0
12.1,	5.1,	14,	0,		0.33,	0,		0,		0
12.1,	6.1,	7,	0,		0.66,	0,		0,		0
12.1,	6.2,	8,	0,		0.66,	0,		0,		0
12.1,	7.1,	9,	0,		0.66,	0,		0,		0
12.1,	7.2,	12,	0,		0.33,	0,		0,		0
12.1,	8.1,	3,	0,		0.66,	0,		0,		0
12.1,	8.2,	5,	0,		0.66,	0,		0,		0
12.1,	9.1,	7,	0,		0.66,	0,		0,		0
12.1,	9.2,	9,	0,		0.66,	0,		0,		0
12.1,	10.1,	3,	1,		1,	1,		0,		2.5
12.1,	10.2,	8,	0,		0.66,	0,		0,		0
12.1,	10.3,	13,	0,		0.33,	0,		0,		0
12.1,	11.1,	8,	0,		0.66,	0,		0,		0
12.1,	11.2,	10,	0,		0.66,	0,		0,		0
12.1,	11.3,	13,	0,		0.33,	0,		0,		0
12.1,	13.1,	6,	0,		0.66,	0,		0,		0
12.1,	14.1,	4,	0,		0.8,	0,		0,		0
12.1,	15.1,	7,	0,		0.66,	0,		0,		0
12.1,	16.1,	9,	0,		0.66,	0,		0,		0
12.1,	17.1,	14,	0,		0.33,	0,		0,		0
12.1,	25.1,	9,	0,		0.66,	0,		0,		0
12.1,	26.1,	10,	0,		0.66,	0,		0,		0
12.1,	27.1,	11,	0,		0.33,	0,		0,		0
12.1,	28.1,	14,	0,		0.33,	0,		0,		0
12.1,	38.1,	7,	0,		0.66,	0,		0,		0
12.1,	39.1,	8,	0,		0.66,	0,		0,		0
12.1,	40.1,	9,	0,		0.66,	0,		0,		0
12.1,	40.2,	10,	0,		0.66,	0,		0,		0
12.1,	41.1,	14,	0,		0.33,	0,		0,		0
12.1,	42.1,	14,	0,		0.33,	0,		0,		0

13.1,	1.3,	13,	0,		0.33,	0,		0,		0		
13.1,	1.4,	9,	0,		0.66,	0,		0,		0
13.1,	1.5,	5,	0,		0.9,	0,		0,		0
13.1,	1.6,	3,	0.8,		0.9,	0,		0,		0
13.1,	4.2,	13,	0,		0.33,	0,		0,		0
13.1,	5.1,	13,	0,		0.33,	0,		0,		0
13.1,	5.2,	16,	0,		0.66,	0,		0,		0
13.1,	6.1,	9,	0,		0.66,	0,		0,		0
13.1,	6.2,	11,	0,		0.33,	0,		0,		0
13.1,	7.1,	8,	0,		0.66,	0,		0,		0
13.1,	7.2,	9,	0,		0.66,	0,		0,		0
13.1,	8.1,	6,	0,		0.66,	0,		0,		0
13.1,	8.2,	9,	0,		0.66,	0,		0,		0
13.1,	9.1,	3,	0,		0.8,	0,		0,		0
13.1,	9.2,	6,	0,		0.66,	0,		0,		0
13.1,	10.1,	7,	0,		0.66,	0,		0,		0
13.1,	10.2,	9,	0,		0.66,	0,		0,		0
13.1,	10.3,	14,	0,		0.33,	0,		0,		0
13.1,	11.1,	4,	1,		0.8,	1,		0,		2.5
13.1,	11.2,	8,	0,		0.66,	0,		0,		0
13.1,	11.3,	11,	0,		0.33,	0,		0,		0
13.1,	11.4,	15,	0,		0.33,	0,		0,		0
13.1,	12.1,	6,	0,		0.66,	0,		0,		0
13.1,	14.1,	9,	0,		0.66,	0,		0,		0
13.1,	15.1,	10,	0,		0.66,	0,		0,		0
13.1,	25.1,	5,	0,		0.66,	0,		0,		0
13.1,	26.1,	6,	0,		0.66,	0,		0,		0
13.1,	27.1,	8,	0,		0.66,	0,		0,		0
13.1,	28.1,	11,	0,		0.33,	0,		0,		0
13.1,	29.1,	14,	0,		0.33,	0,		0,		0
13.1,	38.1,	8,	0,		0.66,	0,		0,		0
13.1,	39.1,	6,	0,		0.66,	0,		0,		0
13.1,	40.1,	10,	0,		0.66,	0,		0,		0
13.1,	40.2,	9,	0,		0.66,	0,		0,		0
13.1,	41.1,	15,	0,		0.33,	0,		0,		0
13.1,	42.1,	13,	0,		0.33,	0,		0,		0

14.1,	1.3,	15,	0,		0.33,	0,		0,		0		
14.1,	1.4,	12,	0,		0.33,	0,		0,		0
14.1,	1.5,	8,	0,		0.66,	0,		0,		0
14.1,	1.6,	7,	0,		0.66,	0,		0,		0
14.1,	4.2,	13,	0,		0.33,	0,		0,		0
14.1,	4.3,	15,	0,		0.33,	0,		0,		0
14.1,	6.1,	9,	0,		0.66,	0,		0,		0
14.1,	6.2,	8,	0,		0.66,	0,		0,		0
14.1,	7.1,	13,	0,		0.33,	0,		0,		0
14.1,	8.1,	6,	0,		0.66,	0,		0,		0
14.1,	8.2,	4,	0,		0.66,	0,		0,		0
14.1,	9.1,	10,	0,		0.66,	0,		0,		0
14.1,	9.2,	14,	0,		0.33,	0,		0,		0
14.1,	10.1,	3,	1,		0.8,	1,		0,		2.5
14.1,	10.2,	8,	0,		0.66,	0,		0,		0
14.1,	10.3,	12,	0,		0.33,	0,		0,		0
14.1,	11.1,	11,	0,		0.33,	0,		0,		0
14.1,	11.2,	13,	0,		0.33,	0,		0,		0
14.1,	11.3,	15,	0,		0.33,	0,		0,		0
14.1,	12.1,	4,	0,		0.8,	0,		0,		0
14.1,	13.1,	9,	0,		0.66,	0,		0,		0
14.1,	15.1,	4,	0,		0.8,	0,		0,		0
14.1,	16.1,	8,	0,		0.66,	0,		0,		0
14.1,	17.1,	11,	0,		0.33,	0,		0,		0
14.1,	18.1,	14,	0,		0.33,	0,		0,		0
14.1,	25.1,	14,	0,		0.33,	0,		0,		0
14.1,	26.1,	14,	0,		0.33,	0,		0,		0
14.1,	27.1,	15,	0,		0.33,	0,		0,		0
14.1,	38.1,	7,	0,		0.66,	0,		0,		0
14.1,	39.1,	9,	0,		0.66,	0,		0,		0
14.1,	40.1,	8,	0,		0.66,	0,		0,		0
14.1,	40.2,	11,	0,		0.33,	0,		0,		0
14.1,	41.1,	14,	0,		0.33,	0,		0,		0
14.1,	42.1,	15,	0,		0.33,	0,		0,		0

15.1,	1.5,	11,	0,		0.33,	0,		0,		0
15.1,	1.6,	8,	0,		0.66,	0,		0,		0
15.1,	6.1,	13,	0,		0.33,	0,		0,		0
15.1,	6.2,	13,	0,		0.33,	0,		0,		0
15.1,	8.1,	9,	0,		0.66,	0,		0,		0
15.1,	8.2,	8,	0,		0.66,	0,		0,		0
15.1,	9.1,	13,	0,		0.33,	0,		0,		0
15.1,	10.1,	4,	0,		0.66,	0,		0,		0
15.1,	10.2,	4,	1,		0.8,	1,		0,		2.5
15.1,	10.3,	8,	0,		0.66,	0,		0,		0
15.1,	10.4,	14,	0,		0.33,	0,		0,		0
15.1,	11.1,	12,	0,		0.33,	0,		0,		0
15.1,	11.2,	12,	0,		0.33,	0,		0,		0
15.1,	11.3,	13,	0,		0.33,	0,		0,		0
15.1,	11.4,	15,	0,		0.33,	0,		0,		0
15.1,	12.1,	7,	0,		0.66,	0,		0,		0
15.1,	13.1,	10,	0,		0.66,	0,		0,		0
15.1,   14.1,   4,      0,              0.8,    0,              0,              0
15.1,   16.1,   4,      0,              0.8,    0,              0,              0
15.1,   17.1,   8,      0,              0.66,   0,              0,              0
15.1,   18.1,   9,      0,              0.66,   0,              0,              0
15.1,   19.1,   12,     0,              0.33,   0,              0,              0
15.1,   20.1,   15,     0,              0.33,   0,              0,              0
15.1,   25.1,   15,     0,              0.33,   0,              0,              0
15.1,   26.1,   14,     0,              0.33,   0,              0,              0
15.1,   27.1,   14,     0,              0.33,   0,              0,              0
15.1,   28.1,   15,     0,              0.33,   0,              0,              0
15.1,   38.1,   5,      0,              0.66,   0,              0,              0
15.1,   39.1,   9,      0,              0.66,   0,              0,              0
15.1,   40.1,   6,      0,              0.66,   0,              0,              0
15.1,   40.2,   9,      0.8,            0.66,   0,              0,              0
15.1,   41.1,   10,     0,              0.66,   0,              0,              0
15.1,   42.1,   11,     0,              0.33,   0,              0,              0
15.1,   43.1,   14,     0,              0.33,   0,              0,              0

16.1,	1.5,	14,	0,		0.33,	0,		0,		0
16.1,	1.6,	9,	0,		0.66,	0,		0,		0
16.1,	8.1,	13,	0,		0.33,	0,		0,		0
16.1,	8.2,	11,	0,		0.33,	0,		0,		0
16.1,	9.1,	15,	0,		0.33,	0,		0,		0
16.1,	10.1,	7,	0,		0.66,	0,		0,		0
16.1,	10.2,	4,	1,		0.8,	1,		0,		2.5
16.1,	10.3,	5,	0,		0.66,	0,		0,		0
16.1,	10.4,	11,	0,		0.33,	0,		0,		0
16.1,	10.5,	15,	0,		0.33,	0,		0,		0
16.1,	11.1,	13,	0,		0.33,	0,		0,		0
16.1,	11.2,	12,	0,		0.33,	0,		0,		0
16.1,	11.3,	12,	0,		0.33,	0,		0,		0
16.1,	11.4,	16,	0,		0.33,	0,		0,		0
16.1,	12.1,	9,	0,		0.66,	0,		0,		0
16.1,   14.1,   8,      0,              0.66,   0,              0,              0
16.1,   15.1,   4,      0,              0.8,    0,              0,              0
16.1,	17.1,	4,	0,		0.8,	0,		0,		0
16.1,	18.1,	6,	0,		0.66,	0,		0,		0
16.1,	19.1,	8,	0,		0.66,	0,		0,		0
16.1,	20.1,	11,	0,		0.33,	0,		0,		0
16.1,	21.1,	14,	0,		0.33,	0,		0,		0
16.1,	27.1,	14,	0,		0.33,	0,		0,		0
16.1,	28.1,	14,	0,		0.33,	0,		0,		0
16.1,	29.1,	15,	0,		0.33,	0,		0,		0
16.1,	38.1,	6,	0.8,		0.66,	0,		0,		0
16.1,	39.1,	9,	0,		0.66,	0,		0,		0
16.1,	40.1,	5,	0,		0.66,	0,		0,		0
16.1,	40.2,	8,	0,		0.66,	0,		0,		0
16.1,	41.1,	7,	0,		0.66,	0,		0,		0
16.1,	42.1,	9,	0,		0.66,	0,		0,		0
16.1,	43.1,	10,	0,		0.66,	0,		0,		0
16.1,	44.1,	12,	0,		0.33,	0,		0,		0
16.1,	45.1,	14,	0,		0.33,	0,		0,		0

17.1,	1.6,	12,	0,		0.33,	0,		0,		0
17.1,	8.2,	15,	0,		0.33,	0,		0,		0
17.1,	10.1,	10,	0,		0.66,	0,		0,		0
17.1,	10.2,	6,	0,		0.66,	0,		0,		0
17.1,	10.3,	4,	1,		0.8,	1,		0,		2.5
17.1,	10.4,	8,	0,		0.66,	0,		0,		0
17.1,	10.5,	11,	0,		0.33,	0,		0,		0
17.1,	10.6,	15,	0,		0.33,	0,		0,		0
17.1,	11.2,	13,	0,		0.33,	0,		0,		0
17.1,	11.3,	12,	0,		0.33,	0,		0,		0
17.1,	11.4,	12,	0,		0.33,	0,		0,		0
17.1,	11.5,	13,	0,		0.33,	0,		0,		0
17.1,	12.1,	14,	0,		0.33,	0,		0,		0
17.1,   14.1,   11,     0,              0.33,   0,              0,              0
17.1,   15.1,   8,      0,              0.66,   0,              0,              0
17.1,	16.1,	4,	0,		0.8,	0,		0,		0
17.1,	18.1,	3,	0,		0.8,	0,		0,		0
17.1,	19.1,	5,	0,		0.66,	0,		0,		0
17.1,	20.1,	8,	0,		0.66,	0,		0,		0
17.1,	21.1,	10,	0,		0.66,	0,		0,		0
17.1,	22.1,	13,	0,		0.33,	0,		0,		0
17.1,	23.1,	14,	0,		0.33,	0,		0,		0
17.1,	28.1,	14,	0,		0.33,	0,		0,		0
17.1,	29.1,	14,	0,		0.33,	0,		0,		0
17.1,	30.1,	14,	0,		0.33,	0,		0,		0
17.1,	31.1,	14,	0,		0.33,	0,		0,		0
17.1,	38.1,	8,	0,		0.66,	0,		0,		0
17.1,	39.1,	11,	0,		0.33,	0,		0,		0
17.1,	40.1,	6,	0,		0.66,	0,		0,		0
17.1,	40.2,	9,	0,		0.66,	0,		0,		0
17.1,	41.1,	5,	0.8,		0.66,	0,		0,		0
17.1,	42.1,	8,	0,		0.66,	0,		0,		0
17.1,	43.1,	6,	0,		0.66,	0,		0,		0
17.1,	44.1,	10,	0,		0.66,	0,		0,		0
17.1,	45.1,	10,	0,		0.66,	0,		0,		0
17.1,	45.2,	12,	0,		0.33,	0,		0,		0
17.1,	46.1,	14,	0,		0.33,	0,		0,		0

18.1,	1.6,	14,	0,		0.33,	0,		0,		0
18.1,	10.1,	13,	0,		0.33,	0,		0,		0
18.1,	10.2,	8,	0,		0.66,	0,		0,		0
18.1,	10.3,	4,	1,		0.8,	1,		0,		2.5
18.1,	10.4,	5,	0,		0.66,	0,		0,		0
18.1,	10.5,	9,	0,		0.66,	0,		0,		0
18.1,	10.6,	13,	0,		0.33,	0,		0,		0
18.1,	11.2,	14,	0,		0.33,	0,		0,		0
18.1,	11.3,	12,	0,		0.33,	0,		0,		0
18.1,	11.4,	12,	0,		0.33,	0,		0,		0
18.1,	11.5,	12,	0,		0.33,	0,		0,		0
18.1,	11.6,	14,	0,		0.33,	0,		0,		0
18.1,   14.1,   14,     0,              0.33,   0,              0,              0
18.1,   15.1,   9,      0,              0.66,   0,              0,              0
18.1,	16.1,	6,	0,		0.66,	0,		0,		0
18.1,	17.1,	3,	0,		0.8,	0,		0,		0
18.1,	19.1,	3,	0,		0.8,	0,		0,		0
18.1,	20.1,	5,	0,		0.66,	0,		0,		0
18.1,	21.1,	8,	0,		0.66,	0,		0,		0
18.1,	22.1,	10,	0,		0.66,	0,		0,		0
18.1,	23.1,	12,	0,		0.33,	0,		0,		0
18.1,	24.1,	14,	0,		0.33,	0,		0,		0
18.1,	28.1,	15,	0,		0.33,	0,		0,		0
18.1,	29.1,	14,	0,		0.33,	0,		0,		0
18.1,	30.1,	14,	0,		0.33,	0,		0,		0
18.1,	31.1,	14,	0,		0.33,	0,		0,		0
18.1,	32.1,	15,	0,		0.33,	0,		0,		0
18.1,	38.1,	10,	0,		0.66,	0,		0,		0
18.1,	39.1,	13,	0,		0.33,	0,		0,		0
18.1,	40.1,	8,	0,		0.66,	0,		0,		0
18.1,	40.2,	11,	0,		0.33,	0,		0,		0
18.1,	41.1,	6,	0,		0.66,	0,		0,		0
18.1,	42.1,	9,	0,		0.66,	0,		0,		0
18.1,	43.1,	6,	0,		0.66,	0,		0,		0
18.1,	44.1,	9,	0,		0.66,	0,		0,		0
18.1,	45.1,	8,	0,		0.66,	0,		0,		0
18.1,	45.2,	11,	0,		0.33,	0,		0,		0
18.1,	46.1,	12,	0,		0.33,	0,		0,		0
18.1,	47.1,	13,	0,		0.33,	0,		0,		0

19.1,	10.2,	11,	0,		0.33,	0,		0,		0
19.1,	10.3,	6,	0,		0.66,	0,		0,		0
19.1,	10.4,	4,	1,		1,	1,		0,		2.5
19.1,	10.5,	7,	0,		0.66,	0,		0,		0
19.1,	10.6,	10,	0,		0.66,	0,		0,		0
19.1,	11.3,	13,	0,		0.33,	0,		0,		0
19.1,	11.4,	12,	0,		0.33,	0,		0,		0
19.1,	11.5,	12,	0,		0.33,	0,		0,		0
19.1,	11.6,	13,	0,		0.33,	0,		0,		0
19.1,   15.1,   12,     0,              0.33,   0,              0,              0
19.1,	16.1,	8,	0,		0.66,	0,		0,		0
19.1,	17.1,	5,	0,		0.66,	0,		0,		0
19.1,	18.1,	3,	0,		0.8,	0,		0,		0
19.1,	20.1,	3,	0,		0.8,	0,		0,		0
19.1,	21.1,	5,	0,		0.66,	0,		0,		0
19.1,	22.1,	7,	0,		0.66,	0,		0,		0
19.1,	23.1,	9,	0,		0.66,	0,		0,		0
19.1,	24.1,	11,	0,		0.33,	0,		0,		0
19.1,	29.1,	15,	0,		0.33,	0,		0,		0
19.1,	30.1,	14,	0,		0.33,	0,		0,		0
19.1,	31.1,	14,	0,		0.33,	0,		0,		0
19.1,	32.1,	14,	0,		0.33,	0,		0,		0
19.1,	33.1,	14,	0,		0.33,	0,		0,		0
19.1,	34.1,	15,	0,		0.33,	0,		0,		0
19.1,	38.1,	13,	0,		0.33,	0,		0,		0
19.1,	40.1,	9,	0,		0.66,	0,		0,		0
19.1,	40.2,	13,	0,		0.33,	0,		0,		0
19.1,	41.1,	6,	0,		0.66,	0,		0,		0
19.1,	42.1,	10,	0,		0.66,	0,		0,		0
19.1,	43.1,	5,	0,		0.66,	0,		0,		0
19.1,	44.1,	9,	0,		0.66,	0,		0,		0
19.1,	45.1,	6,	0,		0.66,	0,		0,		0
19.1,	45.2,	9,	0,		0.66,	0,		0,		0
19.1,	46.1,	10,	0,		0.66,	0,		0,		0
19.1,	47.1,	11,	0,		0.33,	0,		0,		0
19.1,	48.1,	14,	0,		0.33,	0,		0,		0

20.1,	10.2,	13,	0,		0.33,	0,		0,		0
20.1,	10.3,	8,	0,		0.66,	0,		0,		0
20.1,	10.4,	4,	1,		1,	1,		0,		2.5
20.1,	10.5,	5,	0,		0.66,	0,		0,		0
20.1,	10.6,	8,	0,		0.66,	0,		0,		0
20.1,	11.3,	15,	0,		0.33,	0,		0,		0
20.1,	11.4,	13,	0,		0.33,	0,		0,		0
20.1,	11.5,	12,	0,		0.33,	0,		0,		0
20.1,	11.6,	12,	0,		0.33,	0,		0,		0
20.1,	11.7,	14,	0,		0.33,	0,		0,		0
20.1,   15.1,   15,     0,              0.33,   0,              0,              0
20.1,	16.1,	11,	0,		0.33,	0,		0,		0
20.1,	17.1,	8,	0,		0.66,	0,		0,		0
20.1,	18.1,	5,	0,		0.66,	0,		0,		0
20.1,	19.1,	3,	0,		0.8,	0,		0,		0
20.1,	21.1,	3,	0,		0.8,	0,		0,		0
20.1,	22.1,	5,	0,		0.66,	0,		0,		0
20.1,	23.1,	7,	0,		0.66,	0,		0,		0
20.1,	24.1,	9,	0,		0.66,	0,		0,		0
20.1,	30.1,	15,	0,		0.33,	0,		0,		0
20.1,	31.1,	14,	0,		0.33,	0,		0,		0
20.1,	32.1,	14,	0,		0.33,	0,		0,		0
20.1,	33.1,	14,	0,		0.33,	0,		0,		0
20.1,	34.1,	14,	0,		0.33,	0,		0,		0
20.1,	35.1,	15,	0,		0.33,	0,		0,		0
20.1,	38.1,	15,	0,		0.33,	0,		0,		0
20.1,	40.1,	12,	0,		0.33,	0,		0,		0
20.1,	40.2,	14,	0,		0.33,	0,		0,		0
20.1,	41.1,	8,	0,		0.66,	0,		0,		0
20.1,	42.1,	11,	0,		0.33,	0,		0,		0
20.1,	43.1,	6,	0,		0.66,	0,		0,		0
20.1,	44.1,	9,	0,		0.66,	0,		0,		0
20.1,	45.1,	5,	0.8,		0.66,	0,		0,		0
20.1,	45.2,	9,	0.4,		0.66,	0,		0,		0
20.1,	46.1,	8,	0,		0.66,	0,		0,		0
20.1,	47.1,	8,	0,		0.66,	0,		0,		0
20.1,	48.1,	11,	0,		0.33,	0,		0,		0
20.1,	49.01,	14,	0,		0.33,	0,		0,		0

21.1,	10.3,	10,	0,		0.66,	0,		0,		0
21.1,	10.4,	4,	0,		0.8,	0,		0,		0
21.1,	10.5,	4,	1,		0.8,	1,		0,		2.5
21.1,	10.6,	6,	0,		0.66,	0,		0,		0
21.1,	11.4,	14,	0,		0.33,	0,		0,		0
21.1,	11.5,	12,	0,		0.33,	0,		0,		0
21.1,	11.6,	11,	0,		0.33,	0,		0,		0
21.1,	11.7,	13,	0,		0.33,	0,		0,		0
21.1,	16.1,	14,	0,		0.33,	0,		0,		0
21.1,	17.1,	10,	0,		0.66,	0,		0,		0
21.1,	18.1,	8,	0,		0.66,	0,		0,		0
21.1,	19.1,	5,	0,		0.66,	0,		0,		0
21.1,	20.1,	3,	0,		0.8,	0,		0,		0
21.1,	22.1,	3,	0,		0.8,	0,		0,		0
21.1,	23.1,	5,	0,		0.66,	0,		0,		0
21.1,	24.1,	7,	0,		0.66,	0,		0,		0
21.1,	32.1,	15,	0,		0.33,	0,		0,		0
21.1,	33.1,	14,	0,		0.33,	0,		0,		0
21.1,	34.1,	14,	0,		0.33,	0,		0,		0
21.1,	35.1,	14,	0,		0.33,	0,		0,		0
21.1,	36.1,	15,	0,		0.33,	0,		0,		0
21.1,	40.1,	14,	0,		0.33,	0,		0,		0
21.1,	41.1,	10,	0,		0.66,	0,		0,		0
21.1,	42.1,	13,	0,		0.33,	0,		0,		0
21.1,	43.1,	7,	0,		0.66,	0,		0,		0
21.1,	44.1,	10,	0,		0.66,	0,		0,		0
21.1,	45.1,	5,	0,		0.66,	0,		0,		0
21.1,	45.2,	9,	0,		0.66,	0,		0,		0
21.1,	46.1,	8,	0.8,		0.5,	0,		0,		0
21.1,	47.1,	8,	0,		0.66,	0,		0,		0
21.1,	48.1,	10,	0,		0.66,	0,		0,		0
21.1,	49.01,	11,	0,		0.33,	0,		0,		0

22.1,	10.3,	13,	0,		0.33,	0,		0,		0
22.1,	10.4,	6,	0,		0.66,	0,		0,		0
22.1,	10.5,	4,	1,		0.8,	1,		0,		2.5
22.1,	10.6,	4,	0,		0.8,	0,		0,		0
22.1,	11.5,	13,	0,		0.33,	0,		0,		0
22.1,	11.6,	11,	0,		0.33,	0,		0,		0
22.1,	11.7,	12,	0,		0.33,	0,		0,		0
22.1,	17.1,	13,	0,		0.33,	0,		0,		0
22.1,	18.1,	10,	0,		0.66,	0,		0,		0
22.1,	19.1,	7,	0,		0.66,	0,		0,		0
22.1,	20.1,	5,	0,		0.66,	0,		0,		0
22.1,	21.1,	3,	0,		0.8,	0,		0,		0
22.1,	23.1,	2,	0,		0.8,	0,		0,		0
22.1,	24.1,	4,	0,		0.8,	0,		0,		0
22.1,	33.1,	15,	0,		0.33,	0,		0,		0
22.1,	34.1,	14,	0,		0.33,	0,		0,		0
22.1,	35.1,	14,	0,		0.33,	0,		0,		0
22.1,	36.1,	14,	0,		0.33,	0,		0,		0
22.1,	37.1,	15,	0,		0.33,	0,		0,		0
22.1,	41.1,	11,	0,		0.33,	0,		0,		0
22.1,	42.1,	15,	0,		0.33,	0,		0,		0
22.1,	43.1,	8,	0,		0.66,	0,		0,		0
22.1,	44.1,	11,	0,		0.33,	0,		0,		0
22.1,	45.1,	7,	0,		0.66,	0,		0,		0
22.1,	45.2,	9,	0,		0.66,	0,		0,		0
22.1,	46.1,	7,	0.8,		0.5,	0,		0,		0
22.1,	47.1,	6,	0,		0.66,	0,		0,		0
22.1,	48.1,	9,	0,		0.66,	0,		0,		0
22.1,	49.01,	9,	0,		0.66,	0,		0,		0

23.1,	10.3,	14,	0,		0.33,	0,		0,		0
23.1,	10.4,	8,	0,		0.66,	0,		0,		0
23.1,	10.5,	4,	0,		0.8,	0,		0,		0
23.1,	10.6,	4,	1,		0.8,	1,		0,		2.5
23.1,	11.5,	14,	0,		0.33,	0,		0,		0
23.1,	11.6,	12,	0,		0.33,	0,		0,		0
23.1,	11.7,	11,	0,		0.33,	0,		0,		0
23.1,	17.1,	14,	0,		0.33,	0,		0,		0
23.1,	18.1,	12,	0,		0.33,	0,		0,		0
23.1,	19.1,	9,	0,		0.66,	0,		0,		0
23.1,	20.1,	7,	0,		0.66,	0,		0,		0
23.1,	21.1,	5,	0,		0.66,	0,		0,		0
23.1,	22.1,	2,	0,		0.8,	0,		0,		0
23.1,	24.1,	3,	0,		0.8,	0,		0,		0
23.1,	34.1,	15,	0,		0.33,	0,		0,		0
23.1,	35.1,	14,	0,		0.33,	0,		0,		0
23.1,	36.1,	14,	0,		0.33,	0,		0,		0
23.1,	37.1,	14,	0,		0.33,	0,		0,		0
23.1,	41.1,	14,	0,		0.33,	0,		0,		0
23.1,	43.1,	10,	0,		0.33,	0,		0,		0
23.1,	44.1,	13,	0,		0.33,	0,		0,		0
23.1,	45.1,	7,	0,		0.66,	0,		0,		0
23.1,	45.2,	10,	0,		0.66,	0,		0,		0
23.1,	46.1,	7,	0,		0.66,	0,		0,		0
23.1,	47.1,	5,	0,		0.66,	0,		0,		0
23.1,	48.1,	9,	0,		0.66,	0,		0,		0
23.1,	49.01,	9,	0,		0.66,	0,		0,		0

24.1,	10.4,	10,	0,		0.66,	0,		0,		0
24.1,	10.5,	6,	0,		0.66,	0,		0,		0
24.1,	10.6,	4,	1,		0.8,	1,		0,		2.5
24.1,	11.6,	13,	0,		0.33,	0,		0,		0
24.1,	11.7,	11,	0,		0.33,	0,		0,		0
24.1,	18.1,	14,	0,		0.33,	0,		0,		0
24.1,	19.1,	11,	0,		0.33,	0,		0,		0
24.1,	20.1,	9,	0,		0.66,	0,		0,		0
24.1,	21.1,	7,	0,		0.66,	0,		0,		0
24.1,	22.1,	4,	0,		0.8,	0,		0,		0
24.1,	23.1,	3,	0,		0.8,	0,		0,		0
24.1,	35.1,	15,	0,		0.33,	0,		0,		0
24.1,	36.1,	14,	0,		0.33,	0,		0,		0
24.1,	37.1,	14,	0,		0.33,	0,		0,		0
24.1,	43.1,	13,	0,		0.33,	0,		0,		0
24.1,	44.1,	15,	0,		0.33,	0,		0,		0
24.1,	45.1,	9,	0,		0.66,	0,		0,		0
24.1,	45.2,	11,	0,		0.33,	0,		0,		0
24.1,	46.1,	8,	0,		0.66,	0,		0,		0
24.1,	47.1,	5,	0,		0.66,	0,		0,		0
24.1,	48.1,	9,	0,		0.66,	0,		0,		0
24.1,	49.01,	7,	0,		0.66,	0,		0,		0

25.1,	1.3,	15,	0,		0.33,	0,		0,		0									
25.1,	1.4,	12,	0,		0.33,	0,		0,		0
25.1,	1.5,	8,	0,		0.66,	0,		0,		0
25.1,	1.6,	7,	0,		0.66,	0,		0,		0
25.1,	4.2,	16,	0,		0.33,	0,		0,		0
25.1,	5.1,	13,	0,		0.33,	0,		0,		0
25.1,	5.2,	16,	0,		0.66,	0,		0,		0
25.1,	6.1,	13,	0,		0.33,	0,		0,		0
25.1,	7.1,	8,	0,		0.66,	0,		0,		0
25.1,	7.2,	8,	0,		0.66,	0,		0,		0
25.1,	8.1,	10,	0,		0.66,	0,		0,		0
25.1,	8.2,	15,	0,		0.33,	0,		0,		0
25.1,	9.1,	5,	0,		0.66,	0,		0,		0
25.1,	9.2,	3,	0,		0.8,	0,		0,		0
25.1,	10.1,	11,	0,		0.33,	0,		0,		0
25.1,	10.2,	13,	0,		0.33,	0,		0,		0
25.1,	11.1,	4,	1,		1,	1,		0,		2.5
25.1,	11.2,	8,	0.8,		0.66,	0,		0,		0
25.1,	11.3,	11,	0,		0.33,	0,		0,		0
25.1,	11.4,	15,	0,		0.33,	0,		0,		0
25.1,	12.1,	9,	0,		0.66,	0,		0,		0
25.1,	13.1,	5,	0,		0.66,	0,		0,		0
25.1,   14.1,   14,     0,              0.33,   0,              0,              0
25.1,   15.1,   15,     0,              0.33,   0,              0,              0
25.1,	26.1,	3,	0,		0.8,	0,		0,		0
25.1,	27.1,	6,	0,		0.66,	0,		0,		0
25.1,	28.1,	9,	0,		0.66,	0,		0,		0
25.1,	29.1,	12,	0,		0.33,	0,		0,		0
25.1,	30.1,	15,	0,		0.33,	0,		0,		0
25.1,	38.1,	11,	0,		0.33,	0,		0,		0
25.1,	39.1,	7,	0,		0.66,	0,		0,		0
25.1,	40.1,	13,	0,		0.33,	0,		0,		0
25.1,	40.2,	10,	0,		0.66,	0,		0,		0
25.1,	42.1,	14,	0,		0.33,	0,		0,		0

26.1,	1.4,	14,	0,		0.33,	0,		0,		0
26.1,	1.5,	9,	0,		0.66,	0,		0,		0
26.1,	1.6,	7,	0.8,		0.66,	0,		0,		0
26.1,	6.1,	14,	0,		0.33,	0,		0,		0
26.1,	7.1,	11,	0,		0.33,	0,		0,		0
26.1,	7.2,	10,	0,		0.66,	0,		0,		0
26.1,	8.1,	11,	0,		0.33,	0,		0,		0
26.1,	8.2,	15,	0,		0.33,	0,		0,		0
26.1,	9.1,	7,	0,		0.66,	0,		0,		0
26.1,	9.2,	6,	0,		0.66,	0,		0,		0
26.1,	10.1,	11,	0,		0.33,	0,		0,		0
26.1,	10.2,	12,	0,		0.33,	0,		0,		0
26.1,	10.3,	15,	0,		0.33,	0,		0,		0
26.1,	11.1,	4,	1,		1,	1,		0,		2.5
26.1,	11.2,	6,	0,		0.66,	0,		0,		0
26.1,	11.3,	9,	0,		0.66,	0,		0,		0
26.1,	11.4,	12,	0,		0.33,	0,		0,		0
26.1,	12.1,	10,	0,		0.66,	0,		0,		0
26.1,	13.1,	6,	0,		0.66,	0,		0,		0
26.1,   14.1,   14,     0,              0.33,   0,              0,              0
26.1,   15.1,   14,     0,              0.33,   0,              0,              0
26.1,	25.1,	3,	0,		0.8,	0,		0,		0
26.1,	27.1,	4,	0,		0.8,	0,		0,		0
26.1,	28.1,	7,	0,		0.66,	0,		0,		0
26.1,	29.1,	10,	0,		0.66,	0,		0,		0
26.1,	30.1,	13,	0,		0.33,	0,		0,		0
26.1,	31.1,	14,	0,		0.33,	0,		0,		0
26.1,	38.1,	9,	0,		0.66,	0,		0,		0
26.1,	39.1,	6,	0,		0.66,	0,		0,		0
26.1,	40.1,	11,	0,		0.33,	0,		0,		0
26.1,	40.2,	8,	0,		0.66,	0,		0,		0
26.1,	41.1,	15,	0,		0.33,	0,		0,		0
26.1,	42.1,	11,	0,		0.33,	0,		0,		0

27.1,	1.5,	12,	0,		0.33,	0,		0,		0
27.1,	1.6,	8,	0,		0.66,	0,		0,		0
27.1,	7.1,	14,	0,		0.33,	0,		0,		0
27.1,	7.2,	14,	0,		0.33,	0,		0,		0
27.1,	8.1,	13,	0,		0.33,	0,		0,		0
27.1,	9.1,	9,	0,		0.66,	0,		0,		0
27.1,	9.2,	9,	0,		0.66,	0,		0,		0
27.1,	10.1,	12,	0,		0.33,	0,		0,		0
27.1,	10.2,	11,	0,		0.33,	0,		0,		0
27.1,	10.3,	13,	0,		0.33,	0,		0,		0
27.1,	11.1,	4,	0,		0.8,	0,		0,		0
27.1,	11.2,	4,	1,		0.8,	1,		0,		2.5
27.1,	11.3,	6,	0,		0.66,	0,		0,		0
27.1,	11.4,	8,	0,		0.66,	0,		0,		0
27.1,	11.5,	13,	0,		0.33,	0,		0,		0
27.1,	12.1,	11,	0,		0.33,	0,		0,		0
27.1,	13.1,	8,	0,		0.66,	0,		0,		0
27.1,   14.1,   15,     0,              0.33,   0,              0,              0
27.1,   15.1,   14,     0,              0.33,   0,              0,              0
27.1,	16.1,	14,	0,		0.33,	0,		0,		0
27.1,	25.1,	6,	0,		0.66,	0,		0,		0
27.1,	26.1,	4,	0,		0.8,	0,		0,		0
27.1,	28.1,	4,	0,		0.8,	0,		0,		0
27.1,	29.1,	6,	0,		0.66,	0,		0,		0
27.1,	30.1,	8,	0,		0.66,	0,		0,		0
27.1,	31.1,	10,	0,		0.66,	0,		0,		0
27.1,	32.1,	13,	0,		0.33,	0,		0,		0
27.1,	33.1,	14,	0,		0.33,	0,		0,		0
27.1,	38.1,	9,	0,		0.66,	0,		0,		0
27.1,	39.1,	5,	0,		0.66,	0,		0,		0
27.1,	40.1,	9,	0,		0.66,	0,		0,		0
27.1,	40.2,	6,	0,		0.66,	0,		0,		0
27.1,	41.1,	12,	0,		0.33,	0,		0,		0
27.1,	42.1,	8,	0,		0.66,	0,		0,		0
27.1,	43.1,	15,	0,		0.33,	0,		0,		0
27.1,	44.1,	13,	0,		0.33,	0,		0,		0

28.1,	1.5,	15,	0,		0.33,	0,		0,		0
28.1,	1.6,	10,	0,		0.66,	0,		0,		0
28.1,	9.1,	13,	0,		0.33,	0,		0,		0
28.1,	9.2,	13,	0,		0.33,	0,		0,		0
28.1,	10.1,	13,	0,		0.33,	0,		0,		0
28.1,	10.2,	11,	0,		0.33,	0,		0,		0
28.1,	10.3,	12,	0,		0.33,	0,		0,		0
28.1,	10.4,	15,	0,		0.33,	0,		0,		0
28.1,	11.1,	8,	0,		0.66,	0,		0,		0
28.1,	11.2,	4,	1,		1,	1,		0,		2.5
28.1,	11.3,	4,	0,		0.8,	0,		0,		0
28.1,	11.4,	6,	0,		0.66,	0,		0,		0
28.1,	11.5,	9,	0,		0.66,	0,		0,		0
28.1,	11.6,	14,	0,		0.33,	0,		0,		0
28.1,	12.1,	14,	0,		0.33,	0,		0,		0
28.1,	13.1,	11,	0,		0.33,	0,		0,		0
28.1,   15.1,   15,     0,              0.33,   0,              0,              0
28.1,	16.1,	14,	0,		0.33,	0,		0,		0
28.1,	17.1,	14,	0,		0.33,	0,		0,		0
28.1,	18.1,	15,	0,		0.33,	0,		0,		0
28.1,	25.1,	9,	0,		0.66,	0,		0,		0
28.1,	26.1,	7,	0,		0.66,	0,		0,		0
28.1,	27.1,	4,	0,		0.8,	0,		0,		0
28.1,	29.1,	3,	0,		0.8,	0,		0,		0
28.1,	30.1,	5,	0,		0.66,	0,		0,		0
28.1,	31.1,	7,	0,		0.66,	0,		0,		0
28.1,	32.1,	9,	0,		0.66,	0,		0,		0
28.1,	33.1,	10,	0,		0.66,	0,		0,		0
28.1,	34.1,	13,	0,		0.33,	0,		0,		0
28.1,	35.1,	15,	0,		0.33,	0,		0,		0
28.1,	38.1,	10,	0,		0.66,	0,		0,		0
28.1,	39.1,	7,	0,		0.66,	0,		0,		0
28.1,	40.1,	9,	0,		0.66,	0,		0,		0
28.1,	40.2,	6,	0,		0.66,	0,		0,		0
28.1,	41.1,	10,	0,		0.66,	0,		0,		0
28.1,	42.1,	6,	0,		0.66,	0,		0,		0
28.1,	43.1,	12,	0,		0.33,	0,		0,		0
28.1,	44.1,	9,	0,		0.66,	0,		0,		0
28.1,	45.1,	15,	0,		0.33,	0,		0,		0
28.1,	45.2,	13,	0,		0.33,	0,		0,		0

29.1,	1.6,	12,	0,		0.33,	0,		0,		0
29.1,	9.2,	15,	0,		0.33,	0,		0,		0
29.1,	10.2,	12,	0,		0.33,	0,		0,		0
29.1,	10.3,	12,	0,		0.33,	0,		0,		0
29.1,	10.4,	13,	0,		0.33,	0,		0,		0
29.1,	11.1,	10,	0,		0.66,	0,		0,		0
29.1,	11.2,	6,	1,		1,	0,		0,		0
29.1,	11.3,	4,	0,		0.8,	0,		0,		0
29.1,	11.4,	4,	1,		1,	1,		0,		2.5
29.1,	11.5,	7,	0,		0.66,	0,		0,		0
29.1,	11.6,	11,	0,		0.33,	0,		0,		0
29.1,	13.1,	14,	0,		0.33,	0,		0,		0
29.1,	16.1,	15,	0,		0.33,	0,		0,		0
29.1,	17.1,	14,	0,		0.33,	0,		0,		0
29.1,	18.1,	14,	0,		0.33,	0,		0,		0
29.1,	19.1,	15,	0,		0.33,	0,		0,		0
29.1,	25.1,	12,	0,		0.33,	0,		0,		0
29.1,	26.1,	10,	0,		0.66,	0,		0,		0
29.1,	27.1,	6,	0,		0.66,	0,		0,		0
29.1,	28.1,	3,	0,		0.8,	0,		0,		0
29.1,	30.1,	3,	0,		0.8,	0,		0,		0
29.1,	31.1,	4,	0,		0.8,	0,		0,		0
29.1,	32.1,	6,	0,		0.66,	0,		0,		0
29.1,	33.1,	8,	0,		0.66,	0,		0,		0
29.1,	34.1,	10,	0,		0.66,	0,		0,		0
29.1,	35.1,	13,	0,		0.33,	0,		0,		0
29.1,	36.1,	14,	0,		0.33,	0,		0,		0
29.1,	38.1,	11,	0,		0.33,	0,		0,		0
29.1,	39.1,	9,	0,		0.66,	0,		0,		0
29.1,	40.1,	10,	0,		0.66,	0,		0,		0
29.1,	40.2,	7,	0,		0.66,	0,		0,		0
29.1,	41.1,	9,	0,		0.66,	0,		0,		0
29.1,	42.1,	6,	0.8,		0.66,	0,		0,		0
29.1,	43.1,	11,	0,		0.33,	0,		0,		0
29.1,	44.1,	7,	0,		0.66,	0,		0,		0
29.1,	45.1,	13,	0,		0.33,	0,		0,		0
29.1,	45.2,	10,	0,		0.66,	0,		0,		0
29.1,	46.1,	15,	0,		0.33,	0,		0,		0

30.1,	1.6,	14,	0,		0.33,	0,		0,		0
30.1,	10.2,	13,	0,		0.33,	0,		0,		0
30.1,	10.3,	12,	0,		0.33,	0,		0,		0
30.1,	10.4,	12,	0,		0.33,	0,		0,		0
30.1,	10.5,	15,	0,		0.33,	0,		0,		0
30.1,	11.1,	13,	0,		0.33,	0,		0,		0
30.1,	11.2,	8,	0,		0.66,	0,		0,		0
30.1,	11.3,	4,	0,		0.8,	0,		0,		0
30.1,	11.4,	4,	1,		1,	1,		0,		2.5
30.1,	11.5,	6,	0,		0.66,	0,		0,		0
30.1,	11.6,	9,	0,		0.66,	0,		0,		0
30.1,	11.7,	13,	0,		0.33,	0,		0,		0
30.1,	17.1,	14,	0,		0.33,	0,		0,		0
30.1,	18.1,	14,	0,		0.33,	0,		0,		0
30.1,	19.1,	14,	0,		0.33,	0,		0,		0
30.1,	20.1,	15,	0,		0.33,	0,		0,		0
30.1,	25.1,	15,	0,		0.33,	0,		0,		0
30.1,	26.1,	13,	0,		0.33,	0,		0,		0
30.1,	27.1,	8,	0,		0.66,	0,		0,		0
30.1,	28.1,	5,	0,		0.66,	0,		0,		0
30.1,	29.1,	3,	0,		0.8,	0,		0,		0
30.1,	31.1,	2,	0,		0.8,	0,		0,		0
30.1,	32.1,	4,	0,		0.8,	0,		0,		0
30.1,	33.1,	6,	0,		0.66,	0,		0,		0
30.1,	34.1,	8,	0,		0.66,	0,		0,		0
30.1,	35.1,	10,	0,		0.66,	0,		0,		0
30.1,	36.1,	12,	0,		0.33,	0,		0,		0
30.1,	37.1,	15,	0,		0.33,	0,		0,		0
30.1,	38.1,	13,	0,		0.33,	0,		0,		0
30.1,	39.1,	11,	0,		0.33,	0,		0,		0
30.1,	40.1,	11,	0,		0.33,	0,		0,		0
30.1,	40.2,	8,	0,		0.66,	0,		0,		0
30.1,	41.1,	9,	0,		0.66,	0,		0,		0
30.1,	42.1,	6,	0,		0.66,	0,		0,		0
30.1,	43.1,	9,	0,		0.66,	0,		0,		0
30.1,	44.1,	6,	0,		0.66,	0,		0,		0
30.1,	45.1,	11,	0,		0.33,	0,		0,		0
30.1,	45.2,	9,	0,		0.66,	0,		0,		0
30.1,	46.1,	13,	0,		0.33,	0,		0,		0
30.1,	48.1,	14,	0,		0.33,	0,		0,		0

31.1,	10.2,	14,	0,		0.33,	0,		0,		0
31.1,	10.3,	13,	0,		0.33,	0,		0,		0
31.1,	10.4,	12,	0,		0.33,	0,		0,		0
31.1,	10.5,	14,	0,		0.33,	0,		0,		0
31.1,	11.1,	14,	0,		0.33,	0,		0,		0
31.1,	11.2,	9,	0,		0.66,	0,		0,		0
31.1,	11.3,	6,	0,		0.66,	0,		0,		0
31.1,	11.4,	4,	1,		1,	1,		0,		2.5
31.1,	11.5,	4,	0,		1,	0,		0,		0
31.1,	11.6,	8,	0,		0.66,	0,		0,		0
31.1,	11.7,	11,	0,		0.33,	0,		0,		0
31.1,	17.1,	14,	0,		0.33,	0,		0,		0
31.1,	18.1,	14,	0,		0.33,	0,		0,		0
31.1,	19.1,	14,	0,		0.33,	0,		0,		0
31.1,	20.1,	14,	0,		0.33,	0,		0,		0
31.1,	26.1,	14,	0,		0.33,	0,		0,		0
31.1,	27.1,	10,	0,		0.66,	0,		0,		0
31.1,	28.1,	7,	0,		0.66,	0,		0,		0
31.1,	29.1,	4,	0,		0.8,	0,		0,		0
31.1,	30.1,	2,	0,		0.8,	0,		0,		0
31.1,	32.1,	3,	0,		0.8,	0,		0,		0
31.1,	33.1,	4,	0,		0.8,	0,		0,		0
31.1,	34.1,	6,	0,		0.66,	0,		0,		0
31.1,	35.1,	8,	0,		0.66,	0,		0,		0
31.1,	36.1,	10,	0,		0.66,	0,		0,		0
31.1,	37.1,	13,	0,		0.33,	0,		0,		0
31.1,	38.1,	14,	0,		0.33,	0,		0,		0
31.1,	39.1,	12,	0,		0.33,	0,		0,		0
31.1,	40.1,	11,	0,		0.33,	0,		0,		0
31.1,	40.2,	9,	0,		0.66,	0,		0,		0
31.1,	41.1,	9,	0,		0.66,	0,		0,		0
31.1,	42.1,	7,	0,		0.66,	0,		0,		0
31.1,	43.1,	9,	0,		0.66,	0,		0,		0
31.1,	44.1,	6,	0,		0.66,	0,		0,		0
31.1,	45.1,	10,	0,		0.66,	0,		0,		0
31.1,	45.2,	8,	0,		0.66,	0,		0,		0
31.1,	46.1,	11,	0,		0.33,	0,		0,		0
31.1,	47.1,	15,	0,		0.33,	0,		0,		0
31.1,	48.1,	13,	0,		0.33,	0,		0,		0

32.1,	10.3,	13,	0,		0.33,	0,		0,		0
32.1,	10.4,	12,	0,		0.33,	0,		0,		0
32.1,	10.5,	13,	0,		0.33,	0,		0,		0
32.1,	10.6,	15,	0,		0.33,	0,		0,		0
32.1,	11.2,	11,	0,		0.33,	0,		0,		0
32.1,	11.3,	8,	0,		0.66,	0,		0,		0
32.1,	11.4,	5,	0,		0.66,	0,		0,		0
32.1,	11.5,	4,	1,		1,	1,		0,		2.5
32.1,	11.6,	6,	0,		0.66,	0,		0,		0
32.1,	11.7,	9,	0,		0.66,	0,		0,		0
32.1,	18.1,	15,	0,		0.33,	0,		0,		0
32.1,	19.1,	14,	0,		0.33,	0,		0,		0
32.1,	20.1,	14,	0,		0.33,	0,		0,		0
32.1,	21.1,	15,	0,		0.33,	0,		0,		0
32.1,	27.1,	13,	0,		0.33,	0,		0,		0
32.1,	28.1,	9,	0,		0.66,	0,		0,		0
32.1,	29.1,	6,	0,		0.66,	0,		0,		0
32.1,	30.1,	4,	0,		0.8,	0,		0,		0
32.1,	31.1,	3,	0,		0.8,	0,		0,		0
32.1,	33.1,	2,	0,		0.8,	0,		0,		0
32.1,	34.1,	4,	0,		0.8,	0,		0,		0
32.1,	35.1,	6,	0,		0.66,	0,		0,		0
32.1,	36.1,	8,	0,		0.66,	0,		0,		0
32.1,	37.1,	11,	0,		0.33,	0,		0,		0
32.1,	39.1,	14,	0,		0.33,	0,		0,		0
32.1,	40.1,	13,	0,		0.33,	0,		0,		0
32.1,	40.2,	11,	0,		0.33,	0,		0,		0
32.1,	41.1,	10,	0,		0.66,	0,		0,		0
32.1,	42.1,	8,	0,		0.66,	0,		0,		0
32.1,	43.1,	9,	0,		0.66,	0,		0,		0
32.1,	44.1,	6,	0,		0.66,	0,		0,		0
32.1,	45.1,	9,	0,		0.66,	0,		0,		0
32.1,	45.2,	7,	0.8,		0.66,	0,		0,		0
32.1,	46.1,	9,	0,		0.66,	0,		0,		0
32.1,	47.1,	13,	0,		0.33,	0,		0,		0
32.1,	48.1,	11,	0,		0.33,	0,		0,		0
32.1,	49.01,	15,	0,		0.33,	0,		0,		0

33.1,	10.3,	14,	0,		0.33,	0,		0,		0
33.1,	10.4,	12,	0,		0.33,	0,		0,		0
33.1,	10.5,	12,	0,		0.33,	0,		0,		0
33.1,	10.6,	14,	0,		0.33,	0,		0,		0
33.1,	11.2,	13,	0,		0.33,	0,		0,		0
33.1,	11.3,	9,	0,		0.66,	0,		0,		0
33.1,	11.4,	7,	0,		0.66,	0,		0,		0
33.1,	11.5,	4,	1,		1,	1,		0,		2.5
33.1,	11.6,	4,	0,		0.8,	0,		0,		0
33.1,	11.7,	8,	0,		0.66,	0,		0,		0
33.1,	19.1,	14,	0,		0.33,	0,		0,		0
33.1,	20.1,	14,	0,		0.33,	0,		0,		0
33.1,	21.1,	14,	0,		0.33,	0,		0,		0
33.1,	22.1,	15,	0,		0.33,	0,		0,		0
33.1,	27.1,	14,	0,		0.33,	0,		0,		0
33.1,	28.1,	10,	0,		0.66,	0,		0,		0
33.1,	29.1,	8,	0,		0.66,	0,		0,		0
33.1,	30.1,	6,	0,		0.66,	0,		0,		0
33.1,	31.1,	4,	0,		0.8,	0,		0,		0
33.1,	32.1,	2,	0,		0.8,	0,		0,		0
33.1,	34.1,	3,	0,		0.8,	0,		0,		0
33.1,	35.1,	5,	0,		0.66,	0,		0,		0
33.1,	36.1,	7,	0,		0.66,	0,		0,		0
33.1,	37.1,	9,	0,		0.66,	0,		0,		0
33.1,	40.1,	15,	0,		0.33,	0,		0,		0
33.1,	40.2,	13,	0,		0.33,	0,		0,		0
33.1,	41.1,	11,	0,		0.33,	0,		0,		0
33.1,	42.1,	8,	0,		0.66,	0,		0,		0
33.1,	43.1,	9,	0,		0.66,	0,		0,		0
33.1,	44.1,	6,	0.8,		0.66,	0,		0,		0
33.1,	45.1,	9,	0,		0.66,	0,		0,		0
33.1,	46.1,	6,	0,		0.66,	0,		0,		0
33.1,	47.1,	12,	0,		0.33,	0,		0,		0
33.1,	48.1,	9,	0,		0.66,	0,		0,		0
33.1,	49.01,	14,	0,		0.33,	0,		0,		0

34.1,	10.4,	12,	0,		0.33,	0,		0,		0
34.1,	10.5,	11,	0,		0.33,	0,		0,		0
34.1,	10.6,	13,	0,		0.33,	0,		0,		0
34.1,	11.3,	12,	0,		0.33,	0,		0,		0
34.1,	11.4,	8,	0,		0.66,	0,		0,		0
34.1,	11.5,	4,	0,		1,	0,		0,		0
34.1,	11.6,	4,	1,		1,	1,		0,		2.5
34.1,	11.7,	6,	0,		0.66,	0,		0,		0
34.1,	19.1,	15,	0,		0.33,	0,		0,		0
34.1,	20.1,	14,	0,		0.33,	0,		0,		0
34.1,	21.1,	14,	0,		0.33,	0,		0,		0
34.1,	22.1,	14,	0,		0.33,	0,		0,		0
34.1,	23.1,	15,	0,		0.33,	0,		0,		0
34.1,	28.1,	13,	0,		0.33,	0,		0,		0
34.1,	29.1,	10,	0,		0.66,	0,		0,		0
34.1,	30.1,	8,	0,		0.66,	0,		0,		0
34.1,	31.1,	6,	0,		0.66,	0,		0,		0
34.1,	32.1,	4,	0,		0.8,	0,		0,		0
34.1,	33.1,	3,	0,		0.8,	0,		0,		0
34.1,	35.1,	2,	0,		0.8,	0,		0,		0
34.1,	36.1,	4,	0,		0.7,	0,		0,		0
34.1,	37.1,	7,	0,		0.66,	0,		0,		0
34.1,	40.2,	14,	0,		0.33,	0,		0,		0
34.1,	41.1,	13,	0,		0.33,	0,		0,		0
34.1,	42.1,	11,	0,		0.33,	0,		0,		0
34.1,	43.1,	10,	0,		0.66,	0,		0,		0
34.1,	44.1,	8,	0,		0.66,	0,		0,		0
34.1,	45.1,	9,	0,		0.66,	0,		0,		0
34.1,	45.2,	6,	0,		0.66,	0,		0,		0
34.1,	46.1,	8,	0,		0.66,	0,		0,		0
34.1,	47.1,	10,	0,		0.66,	0,		0,		0
34.1,	48.1,	7,	0,		0.66,	0,		0,		0
34.1,	49.01,	12,	0,		0.33,	0,		0,		0

35.1,	10.4,	13,	0,		0.33,	0,		0,		0
35.1,	10.5,	11,	0,		0.33,	0,		0,		0
35.1,	10.6,	12,	0,		0.33,	0,		0,		0
35.1,	11.3,	14,	0,		0.33,	0,		0,		0
35.1,	11.4,	10,	0,		0.66,	0,		0,		0
35.1,	11.5,	7,	0,		0.66,	0,		0,		0
35.1,	11.6,	4,	1,		1,	1,		0,		2.5
35.1,	11.7,	4,	0,		0.8,	0,		0,		0
35.1,	20.1,	15,	0,		0.33,	0,		0,		0
35.1,	21.1,	14,	0,		0.33,	0,		0,		0
35.1,	22.1,	14,	0,		0.33,	0,		0,		0
35.1,	23.1,	14,	0,		0.33,	0,		0,		0
35.1,	24.1,	15,	0,		0.33,	0,		0,		0
35.1,	28.1,	15,	0,		0.33,	0,		0,		0
35.1,	29.1,	13,	0,		0.33,	0,		0,		0
35.1,	30.1,	10,	0,		0.66,	0,		0,		0
35.1,	31.1,	8,	0,		0.66,	0,		0,		0
35.1,	32.1,	6,	0,		0.66,	0,		0,		0
35.1,	33.1,	5,	0,		0.66,	0,		0,		0
35.1,	34.1,	2,	0,		0.8,	0,		0,		0
35.1,	36.1,	2,	0,		0.8,	0,		0,		0
35.1,	37.1,	4,	0,		0.8,	0,		0,		0
35.1,	41.1,	14,	0,		0.33,	0,		0,		0
35.1,	42.1,	13,	0,		0.33,	0,		0,		0
35.1,	43.1,	12,	0,		0.33,	0,		0,		0
35.1,	44.1,	8,	0,		0.66,	0,		0,		0
35.1,	45.1,	9,	0,		0.66,	0,		0,		0
35.1,	45.2,	7,	0,		0.66,	0,		0,		0
35.1,	46.1,	8,	0,		0.66,	0,		0,		0
35.1,	47.1,	9,	0,		0.66,	0,		0,		0
35.1,	48.1,	6,	0,		0.66,	0,		0,		0
35.1,	49.01,	9,	0,		0.66,	0,		0,		0

36.1,	10.4,	14,	0,		0.33,	0,		0,		0
36.1,	10.5,	12,	0,		0.33,	0,		0,		0
36.1,	10.6,	12,	0,		0.33,	0,		0,		0
36.1,	11.4,	12,	0,		0.33,	0,		0,		0
36.1,	11.5,	8,	0,		0.66,	0,		0,		0
36.1,	11.6,	4,	0,		0.8,	0,		0,		0
36.1,	11.7,	4,	1,		1,	1,		0,		2.5
36.1,	21.1,	15,	0,		0.33,	0,		0,		0
36.1,	22.1,	14,	0,		0.33,	0,		0,		0
36.1,	23.1,	14,	0,		0.33,	0,		0,		0
36.1,	24.1,	14,	0,		0.33,	0,		0,		0
36.1,	29.1,	14,	0,		0.33,	0,		0,		0
36.1,	30.1,	12,	0,		0.33,	0,		0,		0
36.1,	31.1,	10,	0,		0.66,	0,		0,		0
36.1,	32.1,	8,	0,		0.66,	0,		0,		0
36.1,	33.1,	7,	0,		0.66,	0,		0,		0
36.1,	34.1,	4,	0,		0.7,	0,		0,		0
36.1,	35.1,	2,	0,		0.8,	0,		0,		0
36.1,	37.1,	3,	0,		0.8,	0,		0,		0
36.1,	42.1,	15,	0,		0.33,	0,		0,		0
36.1,	43.1,	13,	0,		0.33,	0,		0,		0
36.1,	44.1,	10,	0,		0.66,	0,		0,		0
36.1,	45.1,	10,	0,		0.66,	0,		0,		0
36.1,	45.2,	8,	0,		0.66,	0,		0,		0
36.1,	46.1,	8,	0,		0.66,	0,		0,		0
36.1,	47.1,	9,	0,		0.66,	0,		0,		0
36.1,	48.1,	6,	0,		0.66,	0,		0,		0
36.1,	49.01,	9,	0,		0.66,	0,		0,		0

37.1,	10.5,	13,	0,		0.33,	0,		0,		0
37.1,	10.6,	12,	0,		0.33,	0,		0,		0
37.1,	11.4,	15,	0,		0.33,	0,		0,		0
37.1,	11.5,	10,	0,		0.66,	0,		0,		0
37.1,	11.6,	6,	0,		0.66,	0,		0,		0
37.1,	11.7,	4,	1,		1,	1,		0,		2.5
37.1,	22.1,	15,	0,		0.33,	0,		0,		0
37.1,	23.1,	14,	0,		0.33,	0,		0,		0
37.1,	24.1,	14,	0,		0.33,	0,		0,		0
37.1,	30.1,	15,	0,		0.33,	0,		0,		0
37.1,	31.1,	13,	0,		0.33,	0,		0,		0
37.1,	32.1,	11,	0,		0.33,	0,		0,		0
37.1,	33.1,	9,	0,		0.66,	0,		0,		0
37.1,	34.1,	7,	0,		0.66,	0,		0,		0
37.1,	35.1,	4,	0,		0.8,	0,		0,		0
37.1,	36.1,	3,	0,		0.8,	0,		0,		0
37.1,	43.1,	15,	0,		0.33,	0,		0,		0
37.1,	44.1,	13,	0,		0.33,	0,		0,		0
37.1,	45.1,	12,	0,		0.33,	0,		0,		0
37.1,	45.2,	9,	0,		0.66,	0,		0,		0
37.1,	46.1,	8,	0,		0.66,	0,		0,		0
37.1,	47.1,	8,	0,		0.66,	0,		0,		0
37.1,	48.1,	6,	0,		0.66,	0,		0,		0
37.1,	49.01,	8,	0,		0.66,	0,		0,		0

38.1,	1.4,	14,	0,		0.33,	0,		0,		0
38.1,	1.5,	9,	0,		0.66,	0,		0,		0
38.1,	1.6,	4,	0,		0.9,	0,		0,		0
38.1,	6.1,	14,	0,		0.33,	0,		0,		0
38.1,	6.2,	14,	0,		0.33,	0,		0,		0
38.1,	7.1,	15,	0,		0.33,	0,		0,		0
38.1,	8.1,	8,	0,		0.66,	0,		0,		0
38.1,	8.2,	10,	0,		0.66,	0,		0,		0
38.1,	9.1,	9,	0,		0.66,	0,		0,		0
38.1,	9.2,	13,	0,		0.33,	0,		0,		0
38.1,	10.1,	5,	0,		0.66,	0,		0,		0
38.1,	10.2,	4,	1,		0.8,	1,		0,		2.5
38.1,	10.3,	8,	0,		0.66,	0,		0,		0
38.1,	10.4,	13,	0,		0.33,	0,		0,		0
38.1,	11.1,	8,	0,		0.66,	0,		0,		0
38.1,	11.2,	8,	0,		0.66,	0,		0,		0
38.1,	11.3,	8,	0,		0.66,	0,		0,		0
38.1,	11.4,	11,	0,		0.33,	0,		0,		0
38.1,	11.5,	14,	0,		0.33,	0,		0,		0
38.1,	12.1,	7,	0,		0.66,	0,		0,		0
38.1,	13.1,	8,	0,		0.66,	0,		0,		0
38.1,   14.1,   7,      0,              0.66,   0,              0,              0
38.1,   15.1,   5,      0,              0.66,   0,              0,              0
38.1,	16.1,	6,	0.8,		0.66,	0,		0,		0
38.1,	17.1,	8,	0,		0.66,	0,		0,		0
38.1,	18.1,	10,	0,		0.66,	0,		0,		0
38.1,	19.1,	13,	0,		0.33,	0,		0,		0
38.1,	20.1,	15,	0,		0.33,	0,		0,		0
38.1,	25.1,	11,	0,		0.33,	0,		0,		0
38.1,	26.1,	9,	0,		0.66,	0,		0,		0
38.1,	27.1,	9,	0,		0.66,	0,		0,		0
38.1,	28.1,	10,	0,		0.66,	0,		0,		0
38.1,	29.1,	11,	0,		0.33,	0,		0,		0
38.1,	30.1,	13,	0,		0.33,	0,		0,		0
38.1,	31.1,	14,	0,		0.33,	0,		0,		0
38.1,	39.1,	4,	0,		0.8,	0,		0,		0
38.1,	40.1,	3,	0,		0.8,	0,		0,		0
38.1,	40.2,	5,	0,		0.66,	0,		0,		0
38.1,	41.1,	8,	0,		0.66,	0,		0,		0
38.1,	42.1,	8,	0,		0.66,	0,		0,		0
38.1,	43.1,	12,	0,		0.33,	0,		0,		0
38.1,	44.1,	13,	0,		0.33,	0,		0,		0

39.1,	1.4,	14,	0,		0.33,	0,		0,		0
39.1,	1.5,	8,	0,		0.66,	0,		0,		0
39.1,	1.6,	3,	0,		0.9,	0,		0,		0
39.1,	6.1,	14,	0,		0.33,	0,		0,		0
39.1,	6.2,	16,	0,		0.33,	0,		0,		0
39.1,	7.1,	13,	0,		0.33,	0,		0,		0
39.1,	7.2,	14,	0,		0.33,	0,		0,		0
39.1,	8.1,	9,	0,		0.66,	0,		0,		0
39.1,	8.2,	13,	0,		0.33,	0,		0,		0
39.1,	9.1,	8,	0,		0.66,	0,		0,		0
39.1,	9.2,	9,	0,		0.66,	0,		0,		0
39.1,	10.1,	7,	0,		0.66,	0,		0,		0
39.1,	10.2,	7,	0,		0.66,	0,		0,		0
39.1,	10.3,	9,	0,		0.66,	0,		0,		0
39.1,	11.1,	4,	0,		0.8,	0,		0,		0
39.1,	11.2,	4,	1,		1,	1,		0,		2.5
39.1,	11.3,	7,	0,		0.66,	0,		0,		0
39.1,	11.4,	10,	0,		0.66,	0,		0,		0
39.1,	11.5,	14,	0,		0.33,	0,		0,		0
39.1,	12.1,	8,	0,		0.66,	0,		0,		0
39.1,	13.1,	6,	0,		0.66,	0,		0,		0
39.1,   14.1,   9,      0,              0.66,   0,              0,              0
39.1,   15.1,   9,      0,              0.66,   0,              0,              0
39.1,	16.1,	9,	0,		0.66,	0,		0,		0
39.1,	17.1,	11,	0,		0.33,	0,		0,		0
39.1,	18.1,	13,	0,		0.33,	0,		0,		0
39.1,	25.1,	7,	0,		0.66,	0,		0,		0
39.1,	26.1,	6,	0,		0.66,	0,		0,		0
39.1,	27.1,	5,	0,		0.66,	0,		0,		0
39.1,	28.1,	7,	0,		0.66,	0,		0,		0
39.1,	29.1,	9,	0,		0.66,	0,		0,		0
39.1,	30.1,	11,	0,		0.33,	0,		0,		0
39.1,	31.1,	12,	0,		0.33,	0,		0,		0
39.1,	32.1,	14,	0,		0.33,	0,		0,		0
39.1,	38.1,	4,	0,		0.8,	0,		0,		0
39.1,	40.1,	6,	0,		0.66,	0,		0,		0
39.1,	40.2,	4,	0,		0.8,	0,		0,		0
39.1,	41.1,	9,	0,		0.66,	0,		0,		0
39.1,	42.1,	8,	0,		0.66,	0,		0,		0
39.1,	43.1,	13,	0,		0.33,	0,		0,		0
39.1,	44.1,	12,	0,		0.33,	0,		0,		0

40.1,	1.5,	12,	0,		0.33,	0,		0,		0
40.1,	1.6,	7,	0,		0.33,	0,		0,		0
40.1,	8.1,	12,	0,		0.33,	0,		0,		0
40.1,	8.2,	13,	0,		0.33,	0,		0,		0
40.1,	9.1,	12,	0,		0.33,	0,		0,		0
40.1,	9.2,	15,	0,		0.33,	0,		0,		0
40.1,	10.1,	7,	0,		0.66,	0,		0,		0
40.1,	10.2,	4,	1,		0.8,	1,		0,		2.5
40.1,	10.3,	5,	0,		0.66,	0,		0,		0
40.1,	10.4,	10,	0,		0.66,	0,		0,		0
40.1,	10.5,	15,	0,		0.33,	0,		0,		0
40.1,	11.1,	9,	0,		0.66,	0,		0,		0.5
40.1,	11.2,	8,	0,		0.66,	0,		0,		0
40.1,	11.3,	7,	0,		0.66,	0,		0,		0
40.1,	11.4,	8,	0,		0.66,	0,		0,		0
40.1,	11.5,	12,	0,		0.33,	0,		0,		0
40.1,	12.1,	9,	0,		0.66,	0,		0,		0
40.1,	13.1,	10,	0,		0.66,	0,		0,		0
40.1,   14.1,   8,      0,              0.66,   0,              0,              0
40.1,   15.1,   6,      0,              0.66,   0,              0,              0
40.1,	16.1,	5,	0,		0.66,	0,		0,		0
40.1,	17.1,	6,	0,		0.66,	0,		0,		0
40.1,	18.1,	8,	0,		0.66,	0,		0,		0
40.1,	19.1,	9,	0,		0.66,	0,		0,		0
40.1,	20.1,	12,	0,		0.33,	0,		0,		0
40.1,	21.1,	14,	0,		0.33,	0,		0,		0
40.1,	25.1,	13,	0,		0.33,	0,		0,		0
40.1,	26.1,	11,	0,		0.33,	0,		0,		0
40.1,	27.1,	9,	0,		0.66,	0,		0,		0
40.1,	28.1,	9,	0,		0.66,	0,		0,		0
40.1,	29.1,	10,	0,		0.66,	0,		0,		0
40.1,	30.1,	11,	0,		0.33,	0,		0,		0
40.1,	31.1,	11,	0,		0.33,	0,		0,		0
40.1,	32.1,	13,	0,		0.33,	0,		0,		0
40.1,	33.1,	15,	0,		0.33,	0,		0,		0
40.1,	38.1,	3,	0,		0.8,	0,		0,		0
40.1,	39.1,	6,	0,		0.66,	0,		0,		0
40.1,	40.2,	4,	1,		0.8,	1,		0,		20
40.1,	41.1,	5,	0,		0.66,	0,		0,		0
40.1,	42.1,	6,	0,		0.66,	0,		0,		0
40.1,	43.1,	8,	0,		0.66,	0,		0,		0
40.1,	44.1,	9,	0,		0.66,	0,		0,		0
40.1,	45.1,	12,	0,		0.33,	0,		0,		0
40.1,	45.2,	13,	0,		0.33,	0,		0,		0

40.2,	1.5,	12,	0,		0.33,	0,		0,		0
40.2,	1.6,	7,	0,		0.33,	0,		0,		0
40.2,	8.1,	13,	0,		0.33,	0,		0,		0
40.2,	8.2,	15,	0,		0.33,	0,		0,		0
40.2,	9.1,	13,	0,		0.33,	0,		0,		0
40.2,	9.2,	13,	0,		0.33,	0,		0,		0
40.2,	10.1,	9,	0,		0.66,	0,		0,		0
40.2,	10.2,	6,	0,		0.66,	0,		0,		0
40.2,	10.3,	8,	0,		0.66,	0,		0,		0
40.2,	10.4,	12,	0,		0.33,	0,		0,		0
40.2,	11.1,	7,	0,		0.66,	0,		0,		0
40.2,	11.2,	4,	1,		1,	1,		0,		2.5
40.2,	11.3,	4,	0,		0.8,	0,		0,		0
40.2,	11.4,	7,	0,		0.66,	0,		0,		0
40.2,	11.5,	10,	0,		0.66,	0,		0,		0
40.2,	12.1,	10,	0,		0.66,	0,		0,		0
40.2,	13.1,	9,	0,		0.66,	0,		0,		0
40.2,   14.1,   11,     0,              0.33,   0,              0,              0
40.2,   15.1,   9,      0.8,            0.66,   0,              0,              0
40.2,	16.1,	8,	0,		0.66,	0,		0,		0
40.2,	17.1,	9,	0,		0.66,	0,		0,		0
40.2,	18.1,	11,	0,		0.33,	0,		0,		0
40.2,	19.1,	13,	0,		0.33,	0,		0,		0
40.2,	20.1,	14,	0,		0.33,	0,		0,		0
40.2,	25.1,	10,	0,		0.66,	0,		0,		0
40.2,	26.1,	8,	0,		0.66,	0,		0,		0
40.2,	27.1,	6,	0,		0.66,	0,		0,		0
40.2,	28.1,	6,	0,		0.66,	0,		0,		0
40.2,	29.1,	7,	0,		0.66,	0,		0,		0
40.2,	30.1,	8,	0,		0.66,	0,		0,		0
40.2,	31.1,	9,	0,		0.66,	0,		0,		0
40.2,	32.1,	11,	0,		0.33,	0,		0,		0
40.2,	33.1,	13,	0,		0.33,	0,		0,		0
40.2,	34.1,	14,	0,		0.33,	0,		0,		0
40.2,	38.1,	5,	0,		0.66,	0,		0,		0
40.2,	39.1,	4,	0,		0.8,	0,		0,		0
40.2,	40.1,	4,	1,		0.8,	1,		0,		20
40.2,	41.1,	7,	0,		0.66,	0,		0,		0
40.2,	42.1,	4,	0,		0.8,	0,		0,		0
40.2,	43.1,	9,	0,		0.66,	0,		0,		0
40.2,	44.1,	8,	0,		0.66,	0,		0,		0
40.2,	45.1,	13,	0,		0.33,	0,		0,		0
40.2,	45.2,	13,	0,		0.33,	0,		0,		0

41.1,	1.6,	11,	0,		0.33,	0,		0,		0
41.1,	10.1,	12,	0,		0.33,	0,		0,		0
41.1,	10.2,	7,	0,		0.66,	0,		0,		0
41.1,	10.3,	6,	1,		0.66,	1,		0,		2.5
41.1,	10.4,	7,	0,		0.66,	0,		0,		0
41.1,	10.5,	10,	0,		0.66,	0,		0,		0
41.1,	10.6,	14,	0,		0.33,	0,		0,		0
41.1,	11.1,	14,	0,		0.33,	0,		0,		0
41.1,	11.2,	9,	0,		0.66,	0,		0,		0
41.1,	11.3,	7,	0,		0.66,	0,		0,		0
41.1,	11.4,	8,	0,		0.66,	0,		0,		0
41.1,	11.5,	8,	0,		0.66,	0,		0,		0
41.1,	11.6,	12,	0,		0.33,	0,		0,		0
41.1,	12.1,	14,	0,		0.33,	0,		0,		0
41.1,	13.1,	15,	0,		0.33,	0,		0,		0
41.1,   14.1,   14,     0,              0.33,   0,              0,              0
41.1,   15.1,   10,     0,              0.66,   0,              0,              0
41.1,	16.1,	7,	0,		0.66,	0,		0,		0
41.1,	17.1,	5,	0.8,		0.66,	0,		0,		0
41.1,	18.1,	6,	0,		0.66,	0,		0,		0
41.1,	19.1,	6,	0,		0.66,	0,		0,		0
41.1,	20.1,	8,	0,		0.66,	0,		0,		0
41.1,	21.1,	10,	0,		0.66,	0,		0,		0
41.1,	22.1,	11,	0,		0.33,	0,		0,		0
41.1,	23.1,	14,	0,		0.33,	0,		0,		0
41.1,	26.1,	15,	0,		0.33,	0,		0,		0
41.1,	27.1,	12,	0,		0.33,	0,		0,		0
41.1,	28.1,	10,	0,		0.66,	0,		0,		0
41.1,	29.1,	9,	0,		0.66,	0,		0,		0
41.1,	30.1,	9,	0,		0.66,	0,		0,		0
41.1,	31.1,	9,	0,		0.66,	0,		0,		0
41.1,	32.1,	10,	0,		0.66,	0,		0,		0
41.1,	33.1,	11,	0,		0.33,	0,		0,		0
41.1,	34.1,	13,	0,		0.33,	0,		0,		0
41.1,	35.1,	14,	0,		0.33,	0,		0,		0
41.1,	38.1,	8,	0,		0.66,	0,		0,		0
41.1,	39.1,	9,	0,		0.66,	0,		0,		0
41.1,	40.1,	5,	0,		0.66,	0,		0,		0
41.1,	40.2,	7,	0,		0.66,	0,		0,		0
41.1,	42.1,	4,	0,		0.8,	0,		0,		0
41.1,	43.1,	4,	0,		0.8,	0,		0,		0
41.1,	44.1,	6,	0,		0.66,	0,		0,		0
41.1,	45.1,	8,	0,		0.66,	0,		0,		0
41.1,	45.2,	8,	0,		0.66,	0,		0,		0
41.1,	46.1,	11,	0,		0.33,	0,		0,		0
41.1,	47.1,	14,	0,		0.33,	0,		0,		0
41.1,	48.1,	15,	0,		0.33,	0,		0,		0

42.1,	1.6,	10,	0,		0.66,	0,		0,		0
42.1,	10.1,	12,	0,		0.33,	0,		0,		0
42.1,	10.2,	8,	0,		0.66,	0,		0,		0
42.1,	10.3,	8,	0,		0.66,	0,		0,		0
42.1,	10.4,	8,	0,		0.66,	0,		0,		0
42.1,	10.5,	13,	0,		0.33,	0,		0,		0
42.1,	11.1,	11,	0,		0.33,	0,		0,		0
42.1,	11.2,	6,	0,		0.66,	0,		0,		0
42.1,	11.3,	4,	0,		0.8,	0,		0,		0
42.1,	11.4,	4,	1,		1,	1,		0,		2.5
42.1,	11.5,	7,	0,		0.66,	0,		0,		0
42.1,	11.6,	11,	0,		0.33,	0,		0,		0
42.1,	12.1,	14,	0,		0.33,	0,		0,		0
42.1,	13.1,	13,	0,		0.33,	0,		0,		0
42.1,   14.1,   15,     0,              0.33,   0,              0,              0
42.1,   15.1,   11,     0,              0.33,   0,              0,              0
42.1,	16.1,	9,	0,		0.66,	0,		0,		0
42.1,	17.1,	8,	0,		0.66,	0,		0,		0
42.1,	18.1,	9,	0,		0.66,	0,		0,		0
42.1,	19.1,	10,	0,		0.66,	0,		0,		0
42.1,	20.1,	11,	0,		0.33,	0,		0,		0
42.1,	21.1,	13,	0,		0.33,	0,		0,		0
42.1,	22.1,	15,	0,		0.33,	0,		0,		0
42.1,	25.1,	14,	0,		0.33,	0,		0,		0
42.1,	26.1,	11,	0,		0.33,	0,		0,		0
42.1,	27.1,	8,	0,		0.66,	0,		0,		0
42.1,	28.1,	6,	0,		0.66,	0,		0,		0
42.1,	29.1,	6,	0.8,		0.66,	0,		0,		0
42.1,	30.1,	6,	0,		0.66,	0,		0,		0
42.1,	31.1,	7,	0,		0.66,	0,		0,		0
42.1,	32.1,	8,	0,		0.66,	0,		0,		0
42.1,	33.1,	8,	0,		0.66,	0,		0,		0
42.1,	34.1,	11,	0,		0.33,	0,		0,		0
42.1,	35.1,	13,	0,		0.33,	0,		0,		0
42.1,	36.1,	15,	0,		0.33,	0,		0,		0
42.1,	38.1,	8,	0,		0.66,	0,		0,		0
42.1,	39.1,	8,	0,		0.66,	0,		0,		0
42.1,	40.1,	6,	0,		0.66,	0,		0,		0
42.1,	40.2,	4,	0,		0.8,	0,		0,		0
42.1,	41.1,	4,	0,		0.8,	0,		0,		0
42.1,	43.1,	6,	0,		0.66,	0,		0,		0
42.1,	44.1,	5,	0,		0.66,	0,		0,		0
42.1,	45.1,	9,	0,		0.66,	0,		0,		0
42.1,	45.2,	8,	0,		0.66,	0,		0,		0
42.1,	46.1,	13,	0,		0.33,	0,		0,		0
42.1,	48.1,	15,	0,		0.33,	0,		0,		0

43.1,	1.6,	15,	0,		0.33,	0,		0,		0
43.1,	10.2,	11,	0,		0.33,	0,		0,		0
43.1,	10.3,	6,	0,		0.66,	0,		0,		0
43.1,	10.4,	4,	1,		1,	1,		0,		2.5
43.1,	10.5,	7,	0,		0.66,	0,		0,		0
43.1,	10.6,	10,	0,		0.66,	0,		0,		0
43.1,	11.2,	12,	0,		0.33,	0,		0,		0
43.1,	11.3,	9,	0,		0.66,	0,		0,		0
43.1,	11.4,	8,	0,		0.66,	0,		0,		0
43.1,	11.5,	7,	0,		0.66,	0,		0,		0
43.1,	11.6,	9,	0,		0.66,	0,		0,		0
43.1,	11.7,	12,	0,		0.33,	0,		0,		0
43.1,   15.1,   14,     0,              0.33,   0,              0,              0
43.1,	16.1,	10,	0,		0.66,	0,		0,		0
43.1,	17.1,	6,	0,		0.66,	0,		0,		0
43.1,	18.1,	6,	0,		0.66,	0,		0,		0
43.1,	19.1,	5,	0,		0.66,	0,		0,		0
43.1,	20.1,	6,	0,		0.66,	0,		0,		0
43.1,	21.1,	7,	0,		0.66,	0,		0,		0
43.1,	22.1,	8,	0,		0.66,	0,		0,		0
43.1,	23.1,	10,	0,		0.33,	0,		0,		0
43.1,	24.1,	13,	0,		0.33,	0,		0,		0
43.1,	27.1,	15,	0,		0.33,	0,		0,		0
43.1,	28.1,	12,	0,		0.33,	0,		0,		0
43.1,	29.1,	11,	0,		0.33,	0,		0,		0
43.1,	30.1,	9,	0,		0.66,	0,		0,		0
43.1,	31.1,	9,	0,		0.66,	0,		0,		0
43.1,	32.1,	9,	0,		0.66,	0,		0,		0
43.1,	33.1,	9,	0,		0.66,	0,		0,		0
43.1,	34.1,	10,	0,		0.66,	0,		0,		0
43.1,	35.1,	12,	0,		0.33,	0,		0,		0
43.1,	36.1,	13,	0,		0.33,	0,		0,		0
43.1,	37.1,	15,	0,		0.33,	0,		0,		0
43.1,	38.1,	12,	0,		0.33,	0,		0,		0
43.1,	39.1,	13,	0,		0.33,	0,		0,		0
43.1,	40.1,	8,	0,		0.66,	0,		0,		0
43.1,	40.2,	9,	0,		0.66,	0,		0,		0
43.1,	41.1,	4,	0,		0.8,	0,		0,		0
43.1,	42.1,	6,	0,		0.66,	0,		0,		0
43.1,	44.1,	4,	0,		0.8,	0,		0,		0
43.1,	45.1,	4,	0,		0.8,	0,		0,		0
43.1,	45.2,	6,	0,		0.66,	0,		0,		0
43.1,	46.1,	8,	0,		0.66,	0,		0,		0
43.1,	47.1,	10,	0,		0.33,	0,		0,		0
43.1,	48.1,	11,	0,		0.33,	0,		0,		0
43.1,	49.01,	14,	0,		0.33,	0,		0,		0

44.1,	1.6,	15,	0,		0.33,	0,		0,		0
44.1,	10.2,	12,	0,		0.33,	0,		0,		0
44.1,	10.3,	8,	0,		0.66,	0,		0,		0
44.1,	10.4,	7,	0,		0.66,	0,		0,		0
44.1,	10.5,	9,	0,		0.66,	0,		0,		0
44.1,	10.6,	12,	0,		0.33,	0,		0,		0
44.1,	11.2,	10,	0,		0.66,	0,		0,		0
44.1,	11.3,	7,	0,		0.66,	0,		0,		0
44.1,	11.4,	4,	0,		0.8,	0,		0,		0
44.1,	11.5,	4,	1,		1,	1,		0,		2.5
44.1,	11.6,	7,	0,		0.66,	0,		0,		0
44.1,	11.7,	10,	0,		0.66,	0,		0,		0
44.1,	16.1,	12,	0,		0.33,	0,		0,		0
44.1,	17.1,	10,	0,		0.66,	0,		0,		0
44.1,	18.1,	9,	0,		0.66,	0,		0,		0
44.1,	19.1,	9,	0,		0.66,	0,		0,		0
44.1,	20.1,	9,	0,		0.66,	0,		0,		0
44.1,	21.1,	10,	0,		0.66,	0,		0,		0
44.1,	22.1,	11,	0,		0.33,	0,		0,		0
44.1,	23.1,	13,	0,		0.33,	0,		0,		0
44.1,	24.1,	15,	0,		0.33,	0,		0,		0
44.1,	27.1,	13,	0,		0.33,	0,		0,		0
44.1,	28.1,	9,	0,		0.66,	0,		0,		0
44.1,	29.1,	7,	0,		0.66,	0,		0,		0
44.1,	30.1,	6,	0,		0.66,	0,		0,		0
44.1,	31.1,	6,	0,		0.66,	0,		0,		0
44.1,	32.1,	6,	0,		0.66,	0,		0,		0
44.1,	33.1,	6,	0.8,		0.66,	0,		0,		0
44.1,	34.1,	8,	0,		0.66,	0,		0,		0
44.1,	35.1,	8,	0,		0.66,	0,		0,		0
44.1,	36.1,	10,	0,		0.66,	0,		0,		0
44.1,	37.1,	13,	0,		0.33,	0,		0,		0
44.1,	38.1,	13,	0,		0.33,	0,		0,		0
44.1,	39.1,	12,	0,		0.33,	0,		0,		0
44.1,	40.1,	9,	0,		0.66,	0,		0,		0
44.1,	40.2,	8,	0,		0.66,	0,		0,		0
44.1,	41.1,	6,	0,		0.66,	0,		0,		0
44.1,	42.1,	5,	0,		0.66,	0,		0,		0
44.1,	43.1,	4,	0,		0.8,	0,		0,		0
44.1,	45.1,	6,	0,		0.66,	0,		0,		0
44.1,	45.2,	4,	0,		0.8,	0,		0,		0
44.1,	46.1,	8,	0,		0.66,	0,		0,		0
44.1,	47.1,	11,	0,		0.33,	0,		0,		0
44.1,	48.1,	10,	0,		0.66,	0,		0,		0
44.1,	49.01,	14,	0,		0.33,	0,		0,		0

45.1,	10.2,	14,	0,		0.33,	0,		0,		0
45.1,	10.3,	9,	0,		0.66,	0,		0,		0
45.1,	10.4,	4,	1,		1,	1,		0,		2.5
45.1,	10.5,	4,	0,		0.8,	0,		0,		0
45.1,	10.6,	7,	0,		0.66,	0,		0,		0
45.1,	11.3,	13,	0,		0.33,	0,		0,		0
45.1,	11.4,	9,	0,		0.66,	0,		0,		0
45.1,	11.5,	7,	0,		0.66,	0,		0,		0
45.1,	11.6,	8,	0,		0.66,	0,		0,		0
45.1,	11.7,	9,	0,		0.66,	0,		0,		0
45.1,	16.1,	14,	0,		0.33,	0,		0,		0
45.1,	17.1,	10,	0,		0.66,	0,		0,		0
45.1,	18.1,	8,	0,		0.66,	0,		0,		0
45.1,	19.1,	6,	0,		0.66,	0,		0,		0
45.1,	20.1,	5,	0.8,		0.66,	0,		0,		0
45.1,	21.1,	5,	0,		0.66,	0,		0,		0
45.1,	22.1,	7,	0,		0.66,	0,		0,		0
45.1,	23.1,	7,	0,		0.66,	0,		0,		0
45.1,	24.1,	9,	0,		0.66,	0,		0,		0
45.1,	28.1,	15,	0,		0.33,	0,		0,		0
45.1,	29.1,	13,	0,		0.33,	0,		0,		0
45.1,	30.1,	11,	0,		0.33,	0,		0,		0
45.1,	31.1,	10,	0,		0.66,	0,		0,		0
45.1,	32.1,	9,	0,		0.66,	0,		0,		0
45.1,	33.1,	9,	0,		0.66,	0,		0,		0
45.1,	34.1,	9,	0,		0.66,	0,		0,		0
45.1,	35.1,	9,	0,		0.66,	0,		0,		0
45.1,	36.1,	10,	0,		0.66,	0,		0,		0
45.1,	37.1,	12,	0,		0.33,	0,		0,		0
45.1,	40.1,	12,	0,		0.33,	0,		0,		0
45.1,	40.2,	13,	0,		0.33,	0,		0,		0
45.1,	41.1,	8,	0,		0.66,	0,		0,		0
45.1,	42.1,	9,	0,		0.66,	0,		0,		0
45.1,	43.1,	4,	0,		0.8,	0,		0,		0
45.1,	44.1,	6,	0,		0.66,	0,		0,		0
45.1,	45.2,	4,	1,		1,	1,		0,		20
45.1,	46.1,	4,	0,		0.8,	0,		0,		0
45.1,	47.1,	6,	0,		0.66,	0,		0,		0
45.1,	48.1,	7,	0,		0.66,	0,		0,		0
45.1,	49.01,	10,	0,		0.66,	0,		0,		0

45.2,	10.3,	11,	0,		0.33,	0,		0,		0
45.2,	10.4,	7,	0.8,		0.66,	0,		0,		0
45.2,	10.5,	7,	0,		0.66,	0,		0,		0
45.2,	10.6,	9,	0,		0.66,	0,		0,		0
45.2,	11.2,	14,	0,		0.33,	0,		0,		0
45.2,	11.3,	11,	0,		0.33,	0,		0,		0
45.2,	11.4,	7,	0,		0.66,	0,		0,		0
45.2,	11.5,	4,	1,		1,	1,		0,		2.5
45.2,	11.6,	4,	0,		0.8,	0,		0,		0
45.2,	11.7,	7,	0,		0.66,	0,		0,		0
45.2,	17.1,	12,	0,		0.33,	0,		0,		0
45.2,	18.1,	11,	0,		0.33,	0,		0,		0
45.2,	19.1,	9,	0,		0.66,	0,		0,		0
45.2,	20.1,	9,	0.4,		0.66,	0,		0,		0
45.2,	21.1,	9,	0,		0.66,	0,		0,		0
45.2,	22.1,	9,	0,		0.66,	0,		0,		0
45.2,	23.1,	10,	0,		0.66,	0,		0,		0
45.2,	24.1,	11,	0,		0.33,	0,		0,		0
45.2,	28.1,	13,	0,		0.33,	0,		0,		0
45.2,	29.1,	10,	0,		0.66,	0,		0,		0
45.2,	30.1,	9,	0,		0.66,	0,		0,		0
45.2,	31.1,	8,	0,		0.66,	0,		0,		0
45.2,	32.1,	7,	0.8,		0.66,	0,		0,		0
45.2,	34.1,	6,	0,		0.66,	0,		0,		0
45.2,	35.1,	7,	0,		0.66,	0,		0,		0
45.2,	36.1,	8,	0,		0.66,	0,		0,		0
45.2,	37.1,	9,	0,		0.66,	0,		0,		0
45.2,	40.1,	13,	0,		0.33,	0,		0,		0
45.2,	40.2,	13,	0,		0.33,	0,		0,		0
45.2,	41.1,	8,	0,		0.66,	0,		0,		0
45.2,	42.1,	8,	0,		0.66,	0,		0,		0
45.2,	43.1,	6,	0,		0.66,	0,		0,		0
45.2,	44.1,	4,	0,		0.8,	0,		0,		0
45.2,	45.1,	4,	1,		1,	1,		0,		1
45.2,	46.1,	4,	0,		0.33,	0,		0,		0
45.2,	47.1,	8,	0,		0.66,	0,		0,		0
45.2,	48.1,	7,	0,		0.66,	0,		0,		0
45.2,	49.01,	10,	0,		0.66,	0,		0,		0

46.1,	10.3,	13,	0,		0.33,	0,		0,		0
46.1,	10.4,	7,	0,		0.66,	0,		0,		0
46.1,	10.5,	4,	1,		0.8,	1,		0,		20
46.1,	10.6,	6,	0,		0.66,	0,		0,		0
46.1,	11.3,	15,	0,		0.33,	0,		0,		0
46.1,	11.4,	12,	0,		0.33,	0,		0,		0
46.1,	11.5,	8,	0,		0.66,	0,		0,		0
46.1,	11.6,	6,	1,		1,	1,		0,		20
46.1,	11.7,	6,	0,		0.66,	0,		0,		0
46.1,	17.1,	14,	0,		0.33,	0,		0,		0
46.1,	18.1,	12,	0,		0.33,	0,		0,		0
46.1,	19.1,	10,	0,		0.66,	0,		0,		0
46.1,	20.1,	8,	0,		0.66,	0,		0,		0
46.1,	21.1,	8,	0.8,		0.5,	0,		0,		0
46.1,	22.1,	7,	0.8,		0.5,	0,		0,		0
46.1,	23.1,	7,	0,		0.66,	0,		0,		0
46.1,	24.1,	8,	0,		0.66,	0,		0,		0
46.1,	29.1,	15,	0,		0.33,	0,		0,		0
46.1,	30.1,	13,	0,		0.33,	0,		0,		0
46.1,	31.1,	11,	0,		0.33,	0,		0,		0
46.1,	32.1,	9,	0,		0.66,	0,		0,		0
46.1,	33.1,	6,	0,		0.66,	0,		0,		0
46.1,	34.1,	8,	0,		0.66,	0,		0,		0
46.1,	35.1,	8,	0,		0.66,	0,		0,		0
46.1,	36.1,	8,	0,		0.66,	0,		0,		0
46.1,	37.1,	8,	0,		0.66,	0,		0,		0
46.1,	41.1,	11,	0,		0.33,	0,		0,		0
46.1,	42.1,	13,	0,		0.33,	0,		0,		0
46.1,	43.1,	8,	0,		0.66,	0,		0,		0
46.1,	44.1,	8,	0,		0.66,	0,		0,		0
46.1,	45.1,	4,	0,		0.8,	0,		0,		0
46.1,	45.2,	4,	0,		0.33,	0,		0,		0
46.1,	47.1,	4,	1,		0.9,	1,		0,		2.5
46.1,	48.1,	4,	1,		0.9,	1,		0,		2.5
46.1,	49.01,	7,	1,		1,	1,		0,		20

47.1,	10.4,	8,	0,		0.66,	0,		0,		0
47.1,	10.5,	4,	0,		0.8,	0,		0,		0
47.1,	10.6,	4,	0,		0.8,	0,		0,		0
47.1,	11.4,	15,	0,		0.33,	0,		0,		0
47.1,	11.5,	11,	0,		0.33,	0,		0,		0
47.1,	11.6,	8,	0,		0.66,	0,		0,		0
47.1,	11.7,	7,	0,		0.66,	0,		0,		0
47.1,	18.1,	13,	0,		0.33,	0,		0,		0
47.1,	19.1,	11,	0,		0.33,	0,		0,		0
47.1,	20.1,	8,	0,		0.66,	0,		0,		0
47.1,	21.1,	8,	0,		0.66,	0,		0,		0
47.1,	22.1,	6,	0,		0.66,	0,		0,		0
47.1,	23.1,	5,	0,		0.66,	0,		0,		0
47.1,	24.1,	5,	0,		0.66,	0,		0,		0
47.1,	31.1,	15,	0,		0.33,	0,		0,		0
47.1,	32.1,	13,	0,		0.33,	0,		0,		0
47.1,	33.1,	12,	0,		0.33,	0,		0,		0
47.1,	34.1,	10,	0,		0.66,	0,		0,		0
47.1,	35.1,	9,	0,		0.66,	0,		0,		0
47.1,	36.1,	9,	0,		0.66,	0,		0,		0
47.1,	37.1,	8,	0,		0.66,	0,		0,		0
47.1,	41.1,	14,	0,		0.33,	0,		0,		0
47.1,	43.1,	10,	0,		0.33,	0,		0,		0
47.1,	44.1,	11,	0,		0.33,	0,		0,		0
47.1,	45.1,	6,	0,		0.66,	0,		0,		0
47.1,	45.2,	8,	0,		0.66,	0,		0,		0
47.1,	46.1,	4,	1,		0.9,	1,		0,		2.5
47.1,	48.1,	4,	0,		0.8,	0,		0,		0
47.1,	49.01,	4,	0,		0.8,	0,		0,		0

48.1,	10.4,	11,	0,		0.33,	0,		0,		0
48.1,	10.5,	8,	0,		0.66,	0,		0,		0
48.1,	10.6,	7,	0,		0.66,	0,		0,		0
48.1,	11.4,	14,	0,		0.33,	0,		0,		0
48.1,	11.5,	9,	0,		0.66,	0,		0,		0
48.1,	11.6,	5,	0,		0.66,	0,		0,		0
48.1,	11.7,	4,	0,		0.8,	0,		0,		0
48.1,	19.1,	14,	0,		0.33,	0,		0,		0
48.1,	20.1,	11,	0,		0.33,	0,		0,		0
48.1,	21.1,	10,	0,		0.66,	0,		0,		0
48.1,	22.1,	9,	0,		0.66,	0,		0,		0
48.1,	23.1,	9,	0,		0.66,	0,		0,		0
48.1,	24.1,	9,	0,		0.66,	0,		0,		0
48.1,	30.1,	14,	0,		0.33,	0,		0,		0
48.1,	31.1,	13,	0,		0.33,	0,		0,		0
48.1,	32.1,	11,	0,		0.33,	0,		0,		0
48.1,	33.1,	9,	0,		0.66,	0,		0,		0
48.1,	34.1,	7,	0,		0.66,	0,		0,		0
48.1,	35.1,	6,	0,		0.66,	0,		0,		0
48.1,	36.1,	6,	0,		0.66,	0,		0,		0
48.1,	37.1,	6,	0,		0.66,	0,		0,		0
48.1,	41.1,	15,	0,		0.33,	0,		0,		0
48.1,	42.1,	15,	0,		0.33,	0,		0,		0
48.1,	43.1,	11,	0,		0.33,	0,		0,		0
48.1,	44.1,	10,	0,		0.66,	0,		0,		0
48.1,	45.1,	7,	0,		0.66,	0,		0,		0
48.1,	45.2,	7,	0,		0.66,	0,		0,		0
48.1,	46.1,	4,	1,		0.9,	1,		0,		2.5
48.1,	47.1,	4,	0,		0.8,	0,		0,		0
48.1,	49.01,	4,	0,		0.8,	0,		0,		0

49.01,	10.4,	14,	0,		0.33,	0,		0,		0
49.01,	10.5,	9,	0,		0.66,	0,		0,		0
49.01,	10.6,	7,	0,		0.33,	0,		0,		0
49.01,	11.5,	14,	0,		0.33,	0,		0,		0
49.01,	11.6,	9,	0,		0.66,	0,		0,		0
49.01,	11.7,	7,	0,		0.66,	0,		0,		0
49.01,	20.1,	14,	0,		0.33,	0,		0,		0
49.01,	21.1,	11,	0,		0.33,	0,		0,		0
49.01,	22.1,	9,	0,		0.66,	0,		0,		0
49.01,	23.1,	9,	0,		0.66,	0,		0,		0
49.01,	24.1,	7,	0,		0.66,	0,		0,		0
49.01,	32.1,	15,	0,		0.33,	0,		0,		0
49.01,	33.1,	14,	0,		0.33,	0,		0,		0
49.01,	34.1,	12,	0,		0.33,	0,		0,		0
49.01,	35.1,	9,	0,		0.66,	0,		0,		0
49.01,	36.1,	9,	0,		0.66,	0,		0,		0
49.01,	37.1,	8,	0,		0.66,	0,		0,		0
49.01,	43.1,	14,	0,		0.33,	0,		0,		0
49.01,	44.1,	14,	0,		0.33,	0,		0,		0
49.01,	45.1,	10,	0,		0.66,	0,		0,		0
49.01,	45.2,	10,	0,		0.66,	0,		0,		0
49.01,	46.1,	7,	1,		1,	1,		0,		20
49.01,	47.1,	4,	0,		0.8,	0,		0,		0
49.01,	48.1,	4,	0,		0.8,	0,		0,		0









