id,	xcor,	ycor,	size,	capacity,	hidden-places,	info,	lock?, reacheables, exits_routes, rooms_routes
1.01,1.0,7.0,1.0,15.0,0.0,0.0,0.0,[ 1.2  2.1  3.01 ],[ [ 1.01 ]  [ 1.01  3.01 ]  [ 1.01  1.2  1.3  1.4  1.5  1.6  10.1  10.2  10.3  10.4  10.5  46.1  49.01 ] ],[ [ 1.01  1.2  1.3  1.4  1.5  1.6  10.1  10.2  10.3  10.4  10.5  21.1 ]  [ 1.01  1.2  1.3  1.4  1.5  1.6  10.1  10.2  10.3  10.4  10.5  22.1 ]  [ 1.01  1.2  1.3  1.4  1.5  1.6  10.1  10.2  10.3  10.4  10.5  10.6  23.1 ]  [ 1.01  1.2  1.3  1.4  1.5  1.6  10.1  10.2  10.3  10.4  10.5  10.6  24.1 ]  [ 1.01  1.2  1.3  1.4  1.5  1.6  11.1  11.2  11.3  11.4  31.1 ]  [ 1.01  1.2  1.3  1.4  1.5  1.6  11.1  11.2  11.3  11.4  11.5  32.1 ]  [ 1.01  1.2  1.3  1.4  1.5  1.6  11.1  11.2  11.3  11.4  11.5  33.1 ]  [ 1.01  1.2  1.3  1.4  1.5  1.6  11.1  11.2  11.3  11.4  11.5  11.6  34.1 ]  [ 1.01  1.2  1.3  1.4  1.5  1.6  11.1  11.2  11.3  11.4  11.5  11.6  35.1 ]  [ 1.01  1.2  1.3  1.4  1.5  1.6  11.1  11.2  11.3  11.4  11.5  11.6  11.7  36.1 ]  [ 1.01  1.2  1.3  1.4  1.5  1.6  11.1  11.2  11.3  11.4  11.5  11.6  11.7  37.1 ]  [ 1.01  1.2  1.3  1.4  1.5  1.6  10.1  10.2  10.3  10.4  10.5  46.1  47.1 ]  [ 1.01  1.2  1.3  1.4  1.5  1.6  10.1  10.2  10.3  10.4  10.5  46.1  48.1 ] ]
1.2,5.0,7.0,2.0,20.0,0.0,0.0,0.0,[ 1.01  1.3  2.1  3.01  4.1 ],[ [ 1.2  1.01 ]  [ 1.2  3.01 ]  [ 1.2  1.3  1.4  1.5  1.6  10.1  10.2  10.3  10.4  10.5  46.1  49.01 ] ],[ [ 1.2  1.3  1.4  1.5  1.6  10.1  10.2  10.3  10.4  10.5  21.1 ]  [ 1.2  1.3  1.4  1.5  1.6  10.1  10.2  10.3  10.4  10.5  22.1 ]  [ 1.2  1.3  1.4  1.5  1.6  10.1  10.2  10.3  10.4  10.5  10.6  23.1 ]  [ 1.2  1.3  1.4  1.5  1.6  10.1  10.2  10.3  10.4  10.5  10.6  24.1 ]  [ 1.2  1.3  1.4  1.5  1.6  11.1  11.2  11.3  11.4  31.1 ]  [ 1.2  1.3  1.4  1.5  1.6  11.1  11.2  11.3  11.4  11.5  32.1 ]  [ 1.2  1.3  1.4  1.5  1.6  11.1  11.2  11.3  11.4  11.5  33.1 ]  [ 1.2  1.3  1.4  1.5  1.6  11.1  11.2  11.3  11.4  11.5  11.6  34.1 ]  [ 1.2  1.3  1.4  1.5  1.6  11.1  11.2  11.3  11.4  11.5  11.6  35.1 ]  [ 1.2  1.3  1.4  1.5  1.6  11.1  11.2  11.3  11.4  11.5  11.6  11.7  36.1 ]  [ 1.2  1.3  1.4  1.5  1.6  11.1  11.2  11.3  11.4  11.5  11.6  11.7  37.1 ]  [ 1.2  1.3  1.4  1.5  1.6  10.1  10.2  10.3  10.4  10.5  46.1  47.1 ]  [ 1.2  1.3  1.4  1.5  1.6  10.1  10.2  10.3  10.4  10.5  46.1  48.1 ] ]
1.3,8.0,7.0,2.0,20.0,0.0,0.0,0.0,[ 1.4  1.2  5.1 ],[ [ 1.3  1.2  1.01 ]  [ 1.3  1.2  3.01 ]  [ 1.3  1.4  1.5  1.6  10.1  10.2  10.3  10.4  10.5  46.1  49.01 ] ],[ [ 1.3  1.4  1.5  1.6  10.1  10.2  10.3  10.4  10.5  21.1 ]  [ 1.3  1.4  1.5  1.6  10.1  10.2  10.3  10.4  10.5  22.1 ]  [ 1.3  1.4  1.5  1.6  10.1  10.2  10.3  10.4  10.5  10.6  23.1 ]  [ 1.3  1.4  1.5  1.6  10.1  10.2  10.3  10.4  10.5  10.6  24.1 ]  [ 1.3  1.4  1.5  1.6  11.1  11.2  11.3  11.4  31.1 ]  [ 1.3  1.4  1.5  1.6  11.1  11.2  11.3  11.4  11.5  32.1 ]  [ 1.3  1.4  1.5  1.6  11.1  11.2  11.3  11.4  11.5  33.1 ]  [ 1.3  1.4  1.5  1.6  11.1  11.2  11.3  11.4  11.5  11.6  34.1 ]  [ 1.3  1.4  1.5  1.6  11.1  11.2  11.3  11.4  11.5  11.6  35.1 ]  [ 1.3  1.4  1.5  1.6  11.1  11.2  11.3  11.4  11.5  11.6  11.7  36.1 ]  [ 1.3  1.4  1.5  1.6  11.1  11.2  11.3  11.4  11.5  11.6  11.7  37.1 ]  [ 1.3  1.4  1.5  1.6  10.1  10.2  10.3  10.4  10.5  46.1  47.1 ]  [ 1.3  1.4  1.5  1.6  10.1  10.2  10.3  10.4  10.5  46.1  48.1 ] ]
1.4,11.0,7.0,2.0,20.0,0.0,0.0,0.0,[ 1.3  4.2  6.1  7.1  1.5 ],[ [ 1.4  1.3  1.2  1.01 ]  [ 1.4  1.3  1.2  3.01 ]  [ 1.4  1.5  1.6  10.1  10.2  10.3  10.4  10.5  46.1  49.01 ] ],[ [ 1.4  1.5  1.6  10.1  10.2  10.3  10.4  10.5  21.1 ]  [ 1.4  1.5  1.6  10.1  10.2  10.3  10.4  10.5  22.1 ]  [ 1.4  1.5  1.6  10.1  10.2  10.3  10.4  10.5  10.6  23.1 ]  [ 1.4  1.5  1.6  10.1  10.2  10.3  10.4  10.5  10.6  24.1 ]  [ 1.4  1.5  1.6  11.1  11.2  11.3  11.4  31.1 ]  [ 1.4  1.5  1.6  11.1  11.2  11.3  11.4  11.5  32.1 ]  [ 1.4  1.5  1.6  11.1  11.2  11.3  11.4  11.5  33.1 ]  [ 1.4  1.5  1.6  11.1  11.2  11.3  11.4  11.5  11.6  34.1 ]  [ 1.4  1.5  1.6  11.1  11.2  11.3  11.4  11.5  11.6  35.1 ]  [ 1.4  1.5  1.6  11.1  11.2  11.3  11.4  11.5  11.6  11.7  36.1 ]  [ 1.4  1.5  1.6  11.1  11.2  11.3  11.4  11.5  11.6  11.7  37.1 ]  [ 1.4  1.5  1.6  10.1  10.2  10.3  10.4  10.5  46.1  47.1 ]  [ 1.4  1.5  1.6  10.1  10.2  10.3  10.4  10.5  46.1  48.1 ] ]
1.5,15.0,7.0,2.0,20.0,0.0,0.0,0.0,[ 8.1  9.1  1.4  1.6 ],[ [ 1.5  1.4  1.3  1.2  1.01 ]  [ 1.5  1.4  1.3  1.2  3.01 ]  [ 1.5  1.6  10.1  10.2  10.3  10.4  10.5  46.1  49.01 ] ],[ [ 1.5  1.6  10.1  10.2  10.3  10.4  10.5  21.1 ]  [ 1.5  1.6  10.1  10.2  10.3  10.4  10.5  22.1 ]  [ 1.5  1.6  10.1  10.2  10.3  10.4  10.5  10.6  23.1 ]  [ 1.5  1.6  10.1  10.2  10.3  10.4  10.5  10.6  24.1 ]  [ 1.5  1.6  11.1  11.2  11.3  11.4  31.1 ]  [ 1.5  1.6  11.1  11.2  11.3  11.4  11.5  32.1 ]  [ 1.5  1.6  11.1  11.2  11.3  11.4  11.5  33.1 ]  [ 1.5  1.6  11.1  11.2  11.3  11.4  11.5  11.6  34.1 ]  [ 1.5  1.6  11.1  11.2  11.3  11.4  11.5  11.6  35.1 ]  [ 1.5  1.6  11.1  11.2  11.3  11.4  11.5  11.6  11.7  36.1 ]  [ 1.5  1.6  11.1  11.2  11.3  11.4  11.5  11.6  11.7  37.1 ]  [ 1.5  1.6  10.1  10.2  10.3  10.4  10.5  46.1  47.1 ]  [ 1.5  1.6  10.1  10.2  10.3  10.4  10.5  46.1  48.1 ] ]
1.6,19.0,7.0,3.0,30.0,0.0,1.0,0.0,[ 10.1  11.1  1.5 ],[ [ 1.6  1.5  1.4  1.3  1.2  1.01 ]  [ 1.6  1.5  1.4  1.3  1.2  3.01 ]  [ 1.6  10.1  10.2  10.3  10.4  10.5  46.1  49.01 ] ],[ [ 1.6  10.1  10.2  10.3  10.4  10.5  21.1 ]  [ 1.6  10.1  10.2  10.3  10.4  10.5  22.1 ]  [ 1.6  10.1  10.2  10.3  10.4  10.5  10.6  23.1 ]  [ 1.6  10.1  10.2  10.3  10.4  10.5  10.6  24.1 ]  [ 1.6  11.1  11.2  11.3  11.4  31.1 ]  [ 1.6  11.1  11.2  11.3  11.4  11.5  32.1 ]  [ 1.6  11.1  11.2  11.3  11.4  11.5  33.1 ]  [ 1.6  11.1  11.2  11.3  11.4  11.5  11.6  34.1 ]  [ 1.6  11.1  11.2  11.3  11.4  11.5  11.6  35.1 ]  [ 1.6  11.1  11.2  11.3  11.4  11.5  11.6  11.7  36.1 ]  [ 1.6  11.1  11.2  11.3  11.4  11.5  11.6  11.7  37.1 ]  [ 1.6  10.1  10.2  10.3  10.4  10.5  46.1  47.1 ]  [ 1.6  10.1  10.2  10.3  10.4  10.5  46.1  48.1 ] ]
2.1,2.0,5.0,3.0,15.0,0.0,0.0,0.0,[ 1.01  1.2  3.01 ],[ [ 2.1  1.01 ]  [ 2.1  3.01 ]  [ 2.1  1.2  1.3  1.4  1.5  1.6  10.1  10.2  10.3  10.4  10.5  46.1  49.01 ] ],[ [ 2.1  1.2  1.3  1.4  1.5  1.6  10.1  10.2  10.3  10.4  10.5  21.1 ]  [ 2.1  1.2  1.3  1.4  1.5  1.6  10.1  10.2  10.3  10.4  10.5  22.1 ]  [ 2.1  1.2  1.3  1.4  1.5  1.6  10.1  10.2  10.3  10.4  10.5  10.6  23.1 ]  [ 2.1  1.2  1.3  1.4  1.5  1.6  10.1  10.2  10.3  10.4  10.5  10.6  24.1 ]  [ 2.1  1.2  1.3  1.4  1.5  1.6  11.1  11.2  11.3  11.4  31.1 ]  [ 2.1  1.2  1.3  1.4  1.5  1.6  11.1  11.2  11.3  11.4  11.5  32.1 ]  [ 2.1  1.2  1.3  1.4  1.5  1.6  11.1  11.2  11.3  11.4  11.5  33.1 ]  [ 2.1  1.2  1.3  1.4  1.5  1.6  11.1  11.2  11.3  11.4  11.5  11.6  34.1 ]  [ 2.1  1.2  1.3  1.4  1.5  1.6  11.1  11.2  11.3  11.4  11.5  11.6  35.1 ]  [ 2.1  1.2  1.3  1.4  1.5  1.6  11.1  11.2  11.3  11.4  11.5  11.6  11.7  36.1 ]  [ 2.1  1.2  1.3  1.4  1.5  1.6  11.1  11.2  11.3  11.4  11.5  11.6  11.7  37.1 ]  [ 2.1  1.2  1.3  1.4  1.5  1.6  10.1  10.2  10.3  10.4  10.5  46.1  47.1 ]  [ 2.1  1.2  1.3  1.4  1.5  1.6  10.1  10.2  10.3  10.4  10.5  46.1  48.1 ] ]
3.01,2.0,10.0,3.0,15.0,0.0,0.0,0.0,[ 1.01  1.2  2.1 ],[ [ 3.01  1.01 ]  [ 3.01 ]  [ 3.01  1.2  1.3  1.4  1.5  1.6  10.1  10.2  10.3  10.4  10.5  46.1  49.01 ] ],[ [ 3.01  1.2  1.3  1.4  1.5  1.6  10.1  10.2  10.3  10.4  10.5  21.1 ]  [ 3.01  1.2  1.3  1.4  1.5  1.6  10.1  10.2  10.3  10.4  10.5  22.1 ]  [ 3.01  1.2  1.3  1.4  1.5  1.6  10.1  10.2  10.3  10.4  10.5  10.6  23.1 ]  [ 3.01  1.2  1.3  1.4  1.5  1.6  10.1  10.2  10.3  10.4  10.5  10.6  24.1 ]  [ 3.01  1.2  1.3  1.4  1.5  1.6  11.1  11.2  11.3  11.4  31.1 ]  [ 3.01  1.2  1.3  1.4  1.5  1.6  11.1  11.2  11.3  11.4  11.5  32.1 ]  [ 3.01  1.2  1.3  1.4  1.5  1.6  11.1  11.2  11.3  11.4  11.5  33.1 ]  [ 3.01  1.2  1.3  1.4  1.5  1.6  11.1  11.2  11.3  11.4  11.5  11.6  34.1 ]  [ 3.01  1.2  1.3  1.4  1.5  1.6  11.1  11.2  11.3  11.4  11.5  11.6  35.1 ]  [ 3.01  1.2  1.3  1.4  1.5  1.6  11.1  11.2  11.3  11.4  11.5  11.6  11.7  36.1 ]  [ 3.01  1.2  1.3  1.4  1.5  1.6  11.1  11.2  11.3  11.4  11.5  11.6  11.7  37.1 ]  [ 3.01  1.2  1.3  1.4  1.5  1.6  10.1  10.2  10.3  10.4  10.5  46.1  47.1 ]  [ 3.01  1.2  1.3  1.4  1.5  1.6  10.1  10.2  10.3  10.4  10.5  46.1  48.1 ] ]
4.1,5.0,5.0,1.0,10.0,0.0,0.0,0.0,[ 1.2  4.2  4.3 ],[ [ 4.1  1.2  1.01 ]  [ 4.1  1.2  3.01 ]  [ 4.1  4.2  1.4  1.5  1.6  10.1  10.2  10.3  10.4  10.5  46.1  49.01 ] ],[ [ 4.1  4.2  1.4  1.5  1.6  10.1  10.2  10.3  10.4  10.5  21.1 ]  [ 4.1  4.2  1.4  1.5  1.6  10.1  10.2  10.3  10.4  10.5  22.1 ]  [ 4.1  4.2  1.4  1.5  1.6  10.1  10.2  10.3  10.4  10.5  10.6  23.1 ]  [ 4.1  4.2  1.4  1.5  1.6  10.1  10.2  10.3  10.4  10.5  10.6  24.1 ]  [ 4.1  4.2  1.4  1.5  1.6  11.1  11.2  11.3  11.4  31.1 ]  [ 4.1  4.2  1.4  1.5  1.6  11.1  11.2  11.3  11.4  11.5  32.1 ]  [ 4.1  4.2  1.4  1.5  1.6  11.1  11.2  11.3  11.4  11.5  33.1 ]  [ 4.1  4.2  1.4  1.5  1.6  11.1  11.2  11.3  11.4  11.5  11.6  34.1 ]  [ 4.1  4.2  1.4  1.5  1.6  11.1  11.2  11.3  11.4  11.5  11.6  35.1 ]  [ 4.1  4.2  1.4  1.5  1.6  11.1  11.2  11.3  11.4  11.5  11.6  11.7  36.1 ]  [ 4.1  4.2  1.4  1.5  1.6  11.1  11.2  11.3  11.4  11.5  11.6  11.7  37.1 ]  [ 4.1  4.2  1.4  1.5  1.6  10.1  10.2  10.3  10.4  10.5  46.1  47.1 ]  [ 4.1  4.2  1.4  1.5  1.6  10.1  10.2  10.3  10.4  10.5  46.1  48.1 ] ]
4.2,8.0,5.0,1.0,10.0,0.0,0.0,0.0,[ 1.4  4.1  4.3 ],[ [ 4.2  4.1  1.2  1.01 ]  [ 4.2  4.1  1.2  3.01 ]  [ 4.2  1.4  1.5  1.6  10.1  10.2  10.3  10.4  10.5  46.1  49.01 ] ],[ [ 4.2  1.4  1.5  1.6  10.1  10.2  10.3  10.4  10.5  21.1 ]  [ 4.2  1.4  1.5  1.6  10.1  10.2  10.3  10.4  10.5  22.1 ]  [ 4.2  1.4  1.5  1.6  10.1  10.2  10.3  10.4  10.5  10.6  23.1 ]  [ 4.2  1.4  1.5  1.6  10.1  10.2  10.3  10.4  10.5  10.6  24.1 ]  [ 4.2  1.4  1.5  1.6  11.1  11.2  11.3  11.4  31.1 ]  [ 4.2  1.4  1.5  1.6  11.1  11.2  11.3  11.4  11.5  32.1 ]  [ 4.2  1.4  1.5  1.6  11.1  11.2  11.3  11.4  11.5  33.1 ]  [ 4.2  1.4  1.5  1.6  11.1  11.2  11.3  11.4  11.5  11.6  34.1 ]  [ 4.2  1.4  1.5  1.6  11.1  11.2  11.3  11.4  11.5  11.6  35.1 ]  [ 4.2  1.4  1.5  1.6  11.1  11.2  11.3  11.4  11.5  11.6  11.7  36.1 ]  [ 4.2  1.4  1.5  1.6  11.1  11.2  11.3  11.4  11.5  11.6  11.7  37.1 ]  [ 4.2  1.4  1.5  1.6  10.1  10.2  10.3  10.4  10.5  46.1  47.1 ]  [ 4.2  1.4  1.5  1.6  10.1  10.2  10.3  10.4  10.5  46.1  48.1 ] ]
4.3,6.0,2.0,3.0,40.0,10.0,0.0,0.0,[ 4.1  4.2 ],[ [ 4.3  4.1  1.2  1.01 ]  [ 4.3  4.1  1.2  3.01 ]  [ 4.3  4.2  1.4  1.5  1.6  10.1  10.2  10.3  10.4  10.5  46.1  49.01 ] ],[ [ 4.3  4.2  1.4  1.5  1.6  10.1  10.2  10.3  10.4  10.5  21.1 ]  [ 4.3  4.2  1.4  1.5  1.6  10.1  10.2  10.3  10.4  10.5  22.1 ]  [ 4.3  4.2  1.4  1.5  1.6  10.1  10.2  10.3  10.4  10.5  10.6  23.1 ]  [ 4.3  4.2  1.4  1.5  1.6  10.1  10.2  10.3  10.4  10.5  10.6  24.1 ]  [ 4.3  4.2  1.4  1.5  1.6  11.1  11.2  11.3  11.4  31.1 ]  [ 4.3  4.2  1.4  1.5  1.6  11.1  11.2  11.3  11.4  11.5  32.1 ]  [ 4.3  4.2  1.4  1.5  1.6  11.1  11.2  11.3  11.4  11.5  33.1 ]  [ 4.3  4.2  1.4  1.5  1.6  11.1  11.2  11.3  11.4  11.5  11.6  34.1 ]  [ 4.3  4.2  1.4  1.5  1.6  11.1  11.2  11.3  11.4  11.5  11.6  35.1 ]  [ 4.3  4.2  1.4  1.5  1.6  11.1  11.2  11.3  11.4  11.5  11.6  11.7  36.1 ]  [ 4.3  4.2  1.4  1.5  1.6  11.1  11.2  11.3  11.4  11.5  11.6  11.7  37.1 ]  [ 4.3  4.2  1.4  1.5  1.6  10.1  10.2  10.3  10.4  10.5  46.1  47.1 ]  [ 4.3  4.2  1.4  1.5  1.6  10.1  10.2  10.3  10.4  10.5  46.1  48.1 ] ]
5.1,7.0,10.0,2.0,20.0,0.0,0.0,0.0,[ 1.3  5.2 ],[ [ 5.1  1.3  1.2  1.01 ]  [ 5.1  1.3  1.2  3.01 ]  [ 5.1  1.3  1.4  1.5  1.6  10.1  10.2  10.3  10.4  10.5  46.1  49.01 ] ],[ [ 5.1  1.3  1.4  1.5  1.6  10.1  10.2  10.3  10.4  10.5  21.1 ]  [ 5.1  1.3  1.4  1.5  1.6  10.1  10.2  10.3  10.4  10.5  22.1 ]  [ 5.1  1.3  1.4  1.5  1.6  10.1  10.2  10.3  10.4  10.5  10.6  23.1 ]  [ 5.1  1.3  1.4  1.5  1.6  10.1  10.2  10.3  10.4  10.5  10.6  24.1 ]  [ 5.1  1.3  1.4  1.5  1.6  11.1  11.2  11.3  11.4  31.1 ]  [ 5.1  1.3  1.4  1.5  1.6  11.1  11.2  11.3  11.4  11.5  32.1 ]  [ 5.1  1.3  1.4  1.5  1.6  11.1  11.2  11.3  11.4  11.5  33.1 ]  [ 5.1  1.3  1.4  1.5  1.6  11.1  11.2  11.3  11.4  11.5  11.6  34.1 ]  [ 5.1  1.3  1.4  1.5  1.6  11.1  11.2  11.3  11.4  11.5  11.6  35.1 ]  [ 5.1  1.3  1.4  1.5  1.6  11.1  11.2  11.3  11.4  11.5  11.6  11.7  36.1 ]  [ 5.1  1.3  1.4  1.5  1.6  11.1  11.2  11.3  11.4  11.5  11.6  11.7  37.1 ]  [ 5.1  1.3  1.4  1.5  1.6  10.1  10.2  10.3  10.4  10.5  46.1  47.1 ]  [ 5.1  1.3  1.4  1.5  1.6  10.1  10.2  10.3  10.4  10.5  46.1  48.1 ] ]
5.2,5.0,13.0,2.0,20.0,2.0,0.0,0.0,[ 5.1 ],[ [ 5.2  5.1  1.3  1.2  1.01 ]  [ 5.2  5.1  1.3  1.2  3.01 ]  [ 5.2  5.1  1.3  1.4  1.5  1.6  10.1  10.2  10.3  10.4  10.5  46.1  49.01 ] ],[ [ 5.2  5.1  1.3  1.4  1.5  1.6  10.1  10.2  10.3  10.4  10.5  21.1 ]  [ 5.2  5.1  1.3  1.4  1.5  1.6  10.1  10.2  10.3  10.4  10.5  22.1 ]  [ 5.2  5.1  1.3  1.4  1.5  1.6  10.1  10.2  10.3  10.4  10.5  10.6  23.1 ]  [ 5.2  5.1  1.3  1.4  1.5  1.6  10.1  10.2  10.3  10.4  10.5  10.6  24.1 ]  [ 5.2  5.1  1.3  1.4  1.5  1.6  11.1  11.2  11.3  11.4  31.1 ]  [ 5.2  5.1  1.3  1.4  1.5  1.6  11.1  11.2  11.3  11.4  11.5  32.1 ]  [ 5.2  5.1  1.3  1.4  1.5  1.6  11.1  11.2  11.3  11.4  11.5  33.1 ]  [ 5.2  5.1  1.3  1.4  1.5  1.6  11.1  11.2  11.3  11.4  11.5  11.6  34.1 ]  [ 5.2  5.1  1.3  1.4  1.5  1.6  11.1  11.2  11.3  11.4  11.5  11.6  35.1 ]  [ 5.2  5.1  1.3  1.4  1.5  1.6  11.1  11.2  11.3  11.4  11.5  11.6  11.7  36.1 ]  [ 5.2  5.1  1.3  1.4  1.5  1.6  11.1  11.2  11.3  11.4  11.5  11.6  11.7  37.1 ]  [ 5.2  5.1  1.3  1.4  1.5  1.6  10.1  10.2  10.3  10.4  10.5  46.1  47.1 ]  [ 5.2  5.1  1.3  1.4  1.5  1.6  10.1  10.2  10.3  10.4  10.5  46.1  48.1 ] ]
6.1,11.0,5.0,2.0,20.0,0.0,0.0,0.0,[ 1.4  6.2 ],[ [ 6.1  1.4  1.3  1.2  1.01 ]  [ 6.1  1.4  1.3  1.2  3.01 ]  [ 6.1  1.4  1.5  1.6  10.1  10.2  10.3  10.4  10.5  46.1  49.01 ] ],[ [ 6.1  1.4  1.5  1.6  10.1  10.2  10.3  10.4  10.5  21.1 ]  [ 6.1  1.4  1.5  1.6  10.1  10.2  10.3  10.4  10.5  22.1 ]  [ 6.1  1.4  1.5  1.6  10.1  10.2  10.3  10.4  10.5  10.6  23.1 ]  [ 6.1  1.4  1.5  1.6  10.1  10.2  10.3  10.4  10.5  10.6  24.1 ]  [ 6.1  1.4  1.5  1.6  11.1  11.2  11.3  11.4  31.1 ]  [ 6.1  1.4  1.5  1.6  11.1  11.2  11.3  11.4  11.5  32.1 ]  [ 6.1  1.4  1.5  1.6  11.1  11.2  11.3  11.4  11.5  33.1 ]  [ 6.1  1.4  1.5  1.6  11.1  11.2  11.3  11.4  11.5  11.6  34.1 ]  [ 6.1  1.4  1.5  1.6  11.1  11.2  11.3  11.4  11.5  11.6  35.1 ]  [ 6.1  1.4  1.5  1.6  11.1  11.2  11.3  11.4  11.5  11.6  11.7  36.1 ]  [ 6.1  1.4  1.5  1.6  11.1  11.2  11.3  11.4  11.5  11.6  11.7  37.1 ]  [ 6.1  1.4  1.5  1.6  10.1  10.2  10.3  10.4  10.5  46.1  47.1 ]  [ 6.1  1.4  1.5  1.6  10.1  10.2  10.3  10.4  10.5  46.1  48.1 ] ]
6.2,11.0,2.0,2.0,20.0,2.0,0.0,0.0,[ 6.1 ],[ [ 6.2  6.1  1.4  1.3  1.2  1.01 ]  [ 6.2  6.1  1.4  1.3  1.2  3.01 ]  [ 6.2  6.1  1.4  1.5  1.6  10.1  10.2  10.3  10.4  10.5  46.1  49.01 ] ],[ [ 6.2  6.1  1.4  1.5  1.6  10.1  10.2  10.3  10.4  10.5  21.1 ]  [ 6.2  6.1  1.4  1.5  1.6  10.1  10.2  10.3  10.4  10.5  22.1 ]  [ 6.2  6.1  1.4  1.5  1.6  10.1  10.2  10.3  10.4  10.5  10.6  23.1 ]  [ 6.2  6.1  1.4  1.5  1.6  10.1  10.2  10.3  10.4  10.5  10.6  24.1 ]  [ 6.2  6.1  1.4  1.5  1.6  11.1  11.2  11.3  11.4  31.1 ]  [ 6.2  6.1  1.4  1.5  1.6  11.1  11.2  11.3  11.4  11.5  32.1 ]  [ 6.2  6.1  1.4  1.5  1.6  11.1  11.2  11.3  11.4  11.5  33.1 ]  [ 6.2  6.1  1.4  1.5  1.6  11.1  11.2  11.3  11.4  11.5  11.6  34.1 ]  [ 6.2  6.1  1.4  1.5  1.6  11.1  11.2  11.3  11.4  11.5  11.6  35.1 ]  [ 6.2  6.1  1.4  1.5  1.6  11.1  11.2  11.3  11.4  11.5  11.6  11.7  36.1 ]  [ 6.2  6.1  1.4  1.5  1.6  11.1  11.2  11.3  11.4  11.5  11.6  11.7  37.1 ]  [ 6.2  6.1  1.4  1.5  1.6  10.1  10.2  10.3  10.4  10.5  46.1  47.1 ]  [ 6.2  6.1  1.4  1.5  1.6  10.1  10.2  10.3  10.4  10.5  46.1  48.1 ] ]
7.1,11.0,10.0,3.0,30.0,0.0,0.0,0.0,[ 1.4  7.2 ],[ [ 7.1  1.4  1.3  1.2  1.01 ]  [ 7.1  1.4  1.3  1.2  3.01 ]  [ 7.1  1.4  1.5  1.6  10.1  10.2  10.3  10.4  10.5  46.1  49.01 ] ],[ [ 7.1  1.4  1.5  1.6  10.1  10.2  10.3  10.4  10.5  21.1 ]  [ 7.1  1.4  1.5  1.6  10.1  10.2  10.3  10.4  10.5  22.1 ]  [ 7.1  1.4  1.5  1.6  10.1  10.2  10.3  10.4  10.5  10.6  23.1 ]  [ 7.1  1.4  1.5  1.6  10.1  10.2  10.3  10.4  10.5  10.6  24.1 ]  [ 7.1  1.4  1.5  1.6  11.1  11.2  11.3  11.4  31.1 ]  [ 7.1  1.4  1.5  1.6  11.1  11.2  11.3  11.4  11.5  32.1 ]  [ 7.1  1.4  1.5  1.6  11.1  11.2  11.3  11.4  11.5  33.1 ]  [ 7.1  1.4  1.5  1.6  11.1  11.2  11.3  11.4  11.5  11.6  34.1 ]  [ 7.1  1.4  1.5  1.6  11.1  11.2  11.3  11.4  11.5  11.6  35.1 ]  [ 7.1  1.4  1.5  1.6  11.1  11.2  11.3  11.4  11.5  11.6  11.7  36.1 ]  [ 7.1  1.4  1.5  1.6  11.1  11.2  11.3  11.4  11.5  11.6  11.7  37.1 ]  [ 7.1  1.4  1.5  1.6  10.1  10.2  10.3  10.4  10.5  46.1  47.1 ]  [ 7.1  1.4  1.5  1.6  10.1  10.2  10.3  10.4  10.5  46.1  48.1 ] ]
7.2,11.0,13.0,3.0,30.0,2.0,0.0,0.0,[ 7.1 ],[ [ 7.2  7.1  1.4  1.3  1.2  1.01 ]  [ 7.2  7.1  1.4  1.3  1.2  3.01 ]  [ 7.2  7.1  1.4  1.5  1.6  10.1  10.2  10.3  10.4  10.5  46.1  49.01 ] ],[ [ 7.2  7.1  1.4  1.5  1.6  10.1  10.2  10.3  10.4  10.5  21.1 ]  [ 7.2  7.1  1.4  1.5  1.6  10.1  10.2  10.3  10.4  10.5  22.1 ]  [ 7.2  7.1  1.4  1.5  1.6  10.1  10.2  10.3  10.4  10.5  10.6  23.1 ]  [ 7.2  7.1  1.4  1.5  1.6  10.1  10.2  10.3  10.4  10.5  10.6  24.1 ]  [ 7.2  7.1  1.4  1.5  1.6  11.1  11.2  11.3  11.4  31.1 ]  [ 7.2  7.1  1.4  1.5  1.6  11.1  11.2  11.3  11.4  11.5  32.1 ]  [ 7.2  7.1  1.4  1.5  1.6  11.1  11.2  11.3  11.4  11.5  33.1 ]  [ 7.2  7.1  1.4  1.5  1.6  11.1  11.2  11.3  11.4  11.5  11.6  34.1 ]  [ 7.2  7.1  1.4  1.5  1.6  11.1  11.2  11.3  11.4  11.5  11.6  35.1 ]  [ 7.2  7.1  1.4  1.5  1.6  11.1  11.2  11.3  11.4  11.5  11.6  11.7  36.1 ]  [ 7.2  7.1  1.4  1.5  1.6  11.1  11.2  11.3  11.4  11.5  11.6  11.7  37.1 ]  [ 7.2  7.1  1.4  1.5  1.6  10.1  10.2  10.3  10.4  10.5  46.1  47.1 ]  [ 7.2  7.1  1.4  1.5  1.6  10.1  10.2  10.3  10.4  10.5  46.1  48.1 ] ]
8.1,15.0,5.0,2.0,20.0,0.0,0.0,0.0,[ 1.5  8.2 ],[ [ 8.1  1.5  1.4  1.3  1.2  1.01 ]  [ 8.1  1.5  1.4  1.3  1.2  3.01 ]  [ 8.1  1.5  1.6  10.1  10.2  10.3  10.4  10.5  46.1  49.01 ] ],[ [ 8.1  1.5  1.6  10.1  10.2  10.3  10.4  10.5  21.1 ]  [ 8.1  1.5  1.6  10.1  10.2  10.3  10.4  10.5  22.1 ]  [ 8.1  1.5  1.6  10.1  10.2  10.3  10.4  10.5  10.6  23.1 ]  [ 8.1  1.5  1.6  10.1  10.2  10.3  10.4  10.5  10.6  24.1 ]  [ 8.1  1.5  1.6  11.1  11.2  11.3  11.4  31.1 ]  [ 8.1  1.5  1.6  11.1  11.2  11.3  11.4  11.5  32.1 ]  [ 8.1  1.5  1.6  11.1  11.2  11.3  11.4  11.5  33.1 ]  [ 8.1  1.5  1.6  11.1  11.2  11.3  11.4  11.5  11.6  34.1 ]  [ 8.1  1.5  1.6  11.1  11.2  11.3  11.4  11.5  11.6  35.1 ]  [ 8.1  1.5  1.6  11.1  11.2  11.3  11.4  11.5  11.6  11.7  36.1 ]  [ 8.1  1.5  1.6  11.1  11.2  11.3  11.4  11.5  11.6  11.7  37.1 ]  [ 8.1  1.5  1.6  10.1  10.2  10.3  10.4  10.5  46.1  47.1 ]  [ 8.1  1.5  1.6  10.1  10.2  10.3  10.4  10.5  46.1  48.1 ] ]
8.2,15.0,2.0,2.0,20.0,2.0,0.0,0.0,[ 8.1 ],[ [ 8.2  8.1  1.5  1.4  1.3  1.2  1.01 ]  [ 8.2  8.1  1.5  1.4  1.3  1.2  3.01 ]  [ 8.2  8.1  1.5  1.6  10.1  10.2  10.3  10.4  10.5  46.1  49.01 ] ],[ [ 8.2  8.1  1.5  1.6  10.1  10.2  10.3  10.4  10.5  21.1 ]  [ 8.2  8.1  1.5  1.6  10.1  10.2  10.3  10.4  10.5  22.1 ]  [ 8.2  8.1  1.5  1.6  10.1  10.2  10.3  10.4  10.5  10.6  23.1 ]  [ 8.2  8.1  1.5  1.6  10.1  10.2  10.3  10.4  10.5  10.6  24.1 ]  [ 8.2  8.1  1.5  1.6  11.1  11.2  11.3  11.4  31.1 ]  [ 8.2  8.1  1.5  1.6  11.1  11.2  11.3  11.4  11.5  32.1 ]  [ 8.2  8.1  1.5  1.6  11.1  11.2  11.3  11.4  11.5  33.1 ]  [ 8.2  8.1  1.5  1.6  11.1  11.2  11.3  11.4  11.5  11.6  34.1 ]  [ 8.2  8.1  1.5  1.6  11.1  11.2  11.3  11.4  11.5  11.6  35.1 ]  [ 8.2  8.1  1.5  1.6  11.1  11.2  11.3  11.4  11.5  11.6  11.7  36.1 ]  [ 8.2  8.1  1.5  1.6  11.1  11.2  11.3  11.4  11.5  11.6  11.7  37.1 ]  [ 8.2  8.1  1.5  1.6  10.1  10.2  10.3  10.4  10.5  46.1  47.1 ]  [ 8.2  8.1  1.5  1.6  10.1  10.2  10.3  10.4  10.5  46.1  48.1 ] ]
9.1,15.0,10.0,2.0,20.0,0.0,0.0,0.0,[ 1.5  9.2 ],[ [ 9.1  1.5  1.4  1.3  1.2  1.01 ]  [ 9.1  1.5  1.4  1.3  1.2  3.01 ]  [ 9.1  1.5  1.6  10.1  10.2  10.3  10.4  10.5  46.1  49.01 ] ],[ [ 9.1  1.5  1.6  10.1  10.2  10.3  10.4  10.5  21.1 ]  [ 9.1  1.5  1.6  10.1  10.2  10.3  10.4  10.5  22.1 ]  [ 9.1  1.5  1.6  10.1  10.2  10.3  10.4  10.5  10.6  23.1 ]  [ 9.1  1.5  1.6  10.1  10.2  10.3  10.4  10.5  10.6  24.1 ]  [ 9.1  1.5  1.6  11.1  11.2  11.3  11.4  31.1 ]  [ 9.1  1.5  1.6  11.1  11.2  11.3  11.4  11.5  32.1 ]  [ 9.1  1.5  1.6  11.1  11.2  11.3  11.4  11.5  33.1 ]  [ 9.1  1.5  1.6  11.1  11.2  11.3  11.4  11.5  11.6  34.1 ]  [ 9.1  1.5  1.6  11.1  11.2  11.3  11.4  11.5  11.6  35.1 ]  [ 9.1  1.5  1.6  11.1  11.2  11.3  11.4  11.5  11.6  11.7  36.1 ]  [ 9.1  1.5  1.6  11.1  11.2  11.3  11.4  11.5  11.6  11.7  37.1 ]  [ 9.1  1.5  1.6  10.1  10.2  10.3  10.4  10.5  46.1  47.1 ]  [ 9.1  1.5  1.6  10.1  10.2  10.3  10.4  10.5  46.1  48.1 ] ]
9.2,15.0,13.0,2.0,20.0,2.0,0.0,0.0,[ 9.1 ],[ [ 9.2  9.1  1.5  1.4  1.3  1.2  1.01 ]  [ 9.2  9.1  1.5  1.4  1.3  1.2  3.01 ]  [ 9.2  9.1  1.5  1.6  10.1  10.2  10.3  10.4  10.5  46.1  49.01 ] ],[ [ 9.2  9.1  1.5  1.6  10.1  10.2  10.3  10.4  10.5  21.1 ]  [ 9.2  9.1  1.5  1.6  10.1  10.2  10.3  10.4  10.5  22.1 ]  [ 9.2  9.1  1.5  1.6  10.1  10.2  10.3  10.4  10.5  10.6  23.1 ]  [ 9.2  9.1  1.5  1.6  10.1  10.2  10.3  10.4  10.5  10.6  24.1 ]  [ 9.2  9.1  1.5  1.6  11.1  11.2  11.3  11.4  31.1 ]  [ 9.2  9.1  1.5  1.6  11.1  11.2  11.3  11.4  11.5  32.1 ]  [ 9.2  9.1  1.5  1.6  11.1  11.2  11.3  11.4  11.5  33.1 ]  [ 9.2  9.1  1.5  1.6  11.1  11.2  11.3  11.4  11.5  11.6  34.1 ]  [ 9.2  9.1  1.5  1.6  11.1  11.2  11.3  11.4  11.5  11.6  35.1 ]  [ 9.2  9.1  1.5  1.6  11.1  11.2  11.3  11.4  11.5  11.6  11.7  36.1 ]  [ 9.2  9.1  1.5  1.6  11.1  11.2  11.3  11.4  11.5  11.6  11.7  37.1 ]  [ 9.2  9.1  1.5  1.6  10.1  10.2  10.3  10.4  10.5  46.1  47.1 ]  [ 9.2  9.1  1.5  1.6  10.1  10.2  10.3  10.4  10.5  46.1  48.1 ] ]
10.1,19.0,4.0,2.0,20.0,0.0,0.0,0.0,[ 12.1  14.1  1.6  10.2 ],[ [ 10.1  1.6  1.5  1.4  1.3  1.2  1.01 ]  [ 10.1  1.6  1.5  1.4  1.3  1.2  3.01 ]  [ 10.1  10.2  10.3  10.4  10.5  46.1  49.01 ] ],[ [ 10.1  10.2  10.3  10.4  10.5  21.1 ]  [ 10.1  10.2  10.3  10.4  10.5  22.1 ]  [ 10.1  10.2  10.3  10.4  10.5  10.6  23.1 ]  [ 10.1  10.2  10.3  10.4  10.5  10.6  24.1 ]  [ 10.1  1.6  11.1  11.2  11.3  11.4  31.1 ]  [ 10.1  1.6  11.1  11.2  11.3  11.4  11.5  32.1 ]  [ 10.1  1.6  11.1  11.2  11.3  11.4  11.5  33.1 ]  [ 10.1  10.2  10.3  10.4  10.5  46.1  11.6  34.1 ]  [ 10.1  10.2  10.3  10.4  10.5  46.1  11.6  35.1 ]  [ 10.1  10.2  10.3  10.4  10.5  46.1  11.6  11.7  36.1 ]  [ 10.1  10.2  10.3  10.4  10.5  46.1  11.6  11.7  37.1 ]  [ 10.1  10.2  10.3  10.4  10.5  46.1  47.1 ]  [ 10.1  10.2  10.3  10.4  10.5  46.1  48.1 ] ]
10.2,23.0,4.0,2.0,20.0,0.0,0.0,0.0,[ 15.1  16.1  38.1  40.1  10.1  10.3 ],[ [ 10.2  10.1  1.6  1.5  1.4  1.3  1.2  1.01 ]  [ 10.2  10.1  1.6  1.5  1.4  1.3  1.2  3.01 ]  [ 10.2  10.3  10.4  10.5  46.1  49.01 ] ],[ [ 10.2  10.3  10.4  10.5  21.1 ]  [ 10.2  10.3  10.4  10.5  22.1 ]  [ 10.2  10.3  10.4  10.5  10.6  23.1 ]  [ 10.2  10.3  10.4  10.5  10.6  24.1 ]  [ 10.2  40.1  40.2  11.2  11.3  11.4  31.1 ]  [ 10.2  10.3  10.4  45.1  45.2  11.5  32.1 ]  [ 10.2  10.3  10.4  45.1  45.2  11.5  33.1 ]  [ 10.2  10.3  10.4  10.5  46.1  11.6  34.1 ]  [ 10.2  10.3  10.4  10.5  46.1  11.6  35.1 ]  [ 10.2  10.3  10.4  10.5  46.1  11.6  11.7  36.1 ]  [ 10.2  10.3  10.4  10.5  46.1  11.6  11.7  37.1 ]  [ 10.2  10.3  10.4  10.5  46.1  47.1 ]  [ 10.2  10.3  10.4  10.5  46.1  48.1 ] ]
10.3,27.0,4.0,2.0,20.0,0.0,0.0,0.0,[ 17.1  18.1  10.2  41.1  10.4 ],[ [ 10.3  10.2  10.1  1.6  1.5  1.4  1.3  1.2  1.01 ]  [ 10.3  10.2  10.1  1.6  1.5  1.4  1.3  1.2  3.01 ]  [ 10.3  10.4  10.5  46.1  49.01 ] ],[ [ 10.3  10.4  10.5  21.1 ]  [ 10.3  10.4  10.5  22.1 ]  [ 10.3  10.4  10.5  10.6  23.1 ]  [ 10.3  10.4  10.5  10.6  24.1 ]  [ 10.3  10.4  45.1  45.2  11.5  11.4  31.1 ]  [ 10.3  10.4  45.1  45.2  11.5  32.1 ]  [ 10.3  10.4  45.1  45.2  11.5  33.1 ]  [ 10.3  10.4  10.5  46.1  11.6  34.1 ]  [ 10.3  10.4  10.5  46.1  11.6  35.1 ]  [ 10.3  10.4  10.5  46.1  11.6  11.7  36.1 ]  [ 10.3  10.4  10.5  46.1  11.6  11.7  37.1 ]  [ 10.3  10.4  10.5  46.1  47.1 ]  [ 10.3  10.4  10.5  46.1  48.1 ] ]
10.4,32.0,4.0,2.0,20.0,0.0,0.0,0.0,[ 19.1  20.1  43.1  45.1  10.5  10.3 ],[ [ 10.4  10.3  10.2  10.1  1.6  1.5  1.4  1.3  1.2  1.01 ]  [ 10.4  10.3  10.2  10.1  1.6  1.5  1.4  1.3  1.2  3.01 ]  [ 10.4  10.5  46.1  49.01 ] ],[ [ 10.4  10.5  21.1 ]  [ 10.4  10.5  22.1 ]  [ 10.4  10.5  10.6  23.1 ]  [ 10.4  10.5  10.6  24.1 ]  [ 10.4  45.1  45.2  11.5  11.4  31.1 ]  [ 10.4  45.1  45.2  11.5  32.1 ]  [ 10.4  45.1  45.2  11.5  33.1 ]  [ 10.4  10.5  46.1  11.6  34.1 ]  [ 10.4  10.5  46.1  11.6  35.1 ]  [ 10.4  10.5  46.1  11.6  11.7  36.1 ]  [ 10.4  10.5  46.1  11.6  11.7  37.1 ]  [ 10.4  10.5  46.1  47.1 ]  [ 10.4  10.5  46.1  48.1 ] ]
10.5,36.0,4.0,2.0,20.0,0.0,0.0,0.0,[ 10.6  21.1  22.1  46.1  10.4 ],[ [ 10.5  10.4  10.3  10.2  10.1  1.6  1.5  1.4  1.3  1.2  1.01 ]  [ 10.5  10.4  10.3  10.2  10.1  1.6  1.5  1.4  1.3  1.2  3.01 ]  [ 10.5  46.1  49.01 ] ],[ [ 10.5  21.1 ]  [ 10.5  22.1 ]  [ 10.5  10.6  23.1 ]  [ 10.5  10.6  24.1 ]  [ 10.5  46.1  11.6  11.5  11.4  31.1 ]  [ 10.5  46.1  11.6  11.5  32.1 ]  [ 10.5  46.1  11.6  11.5  33.1 ]  [ 10.5  46.1  11.6  34.1 ]  [ 10.5  46.1  11.6  35.1 ]  [ 10.5  46.1  11.6  11.7  36.1 ]  [ 10.5  46.1  11.6  11.7  37.1 ]  [ 10.5  46.1  47.1 ]  [ 10.5  46.1  48.1 ] ]
10.6,39.0,4.0,2.0,30.0,0.0,1.0,0.0,[ 10.5  23.1  24.1 ],[ [ 10.6  10.5  10.4  10.3  10.2  10.1  1.6  1.5  1.4  1.3  1.2  1.01 ]  [ 10.6  10.5  10.4  10.3  10.2  10.1  1.6  1.5  1.4  1.3  1.2  3.01 ]  [ 10.6  10.5  46.1  49.01 ] ],[ [ 10.6  10.5  21.1 ]  [ 10.6  10.5  22.1 ]  [ 10.6  23.1 ]  [ 10.6  24.1 ]  [ 10.6  10.5  46.1  11.6  11.5  11.4  31.1 ]  [ 10.6  10.5  46.1  11.6  11.5  32.1 ]  [ 10.6  10.5  46.1  11.6  11.5  33.1 ]  [ 10.6  10.5  46.1  11.6  34.1 ]  [ 10.6  10.5  46.1  11.6  35.1 ]  [ 10.6  10.5  46.1  11.6  11.7  36.1 ]  [ 10.6  10.5  46.1  11.6  11.7  37.1 ]  [ 10.6  10.5  46.1  47.1 ]  [ 10.6  10.5  46.1  48.1 ] ]
11.1,19.0,11.0,2.0,20.0,0.0,0.0,0.0,[ 1.6  13.1  25.1  26.1  11.2 ],[ [ 11.1  1.6  1.5  1.4  1.3  1.2  1.01 ]  [ 11.1  1.6  1.5  1.4  1.3  1.2  3.01 ]  [ 11.1  11.2  11.3  11.4  11.5  11.6  46.1  49.01 ] ],[ [ 11.1  1.6  10.1  10.2  10.3  10.4  10.5  21.1 ]  [ 11.1  1.6  10.1  10.2  10.3  10.4  10.5  22.1 ]  [ 11.1  1.6  10.1  10.2  10.3  10.4  10.5  10.6  23.1 ]  [ 11.1  1.6  10.1  10.2  10.3  10.4  10.5  10.6  24.1 ]  [ 11.1  11.2  11.3  11.4  31.1 ]  [ 11.1  11.2  11.3  11.4  11.5  32.1 ]  [ 11.1  11.2  11.3  11.4  11.5  33.1 ]  [ 11.1  11.2  11.3  11.4  11.5  11.6  34.1 ]  [ 11.1  11.2  11.3  11.4  11.5  11.6  35.1 ]  [ 11.1  11.2  11.3  11.4  11.5  11.6  11.7  36.1 ]  [ 11.1  11.2  11.3  11.4  11.5  11.6  11.7  37.1 ]  [ 11.1  11.2  11.3  11.4  11.5  11.6  46.1  47.1 ]  [ 11.1  11.2  11.3  11.4  11.5  11.6  46.1  48.1 ] ]
11.2,23.0,11.0,2.0,20.0,0.0,0.0,0.0,[ 11.3  27.1  28.1  39.1  40.2  11.1 ],[ [ 11.2  11.1  1.6  1.5  1.4  1.3  1.2  1.01 ]  [ 11.2  11.1  1.6  1.5  1.4  1.3  1.2  3.01 ]  [ 11.2  11.3  11.4  11.5  11.6  46.1  49.01 ] ],[ [ 11.2  11.3  11.4  11.5  11.6  46.1  10.5  21.1 ]  [ 11.2  11.3  11.4  11.5  11.6  46.1  10.5  22.1 ]  [ 11.2  11.3  11.4  11.5  11.6  46.1  10.5  10.6  23.1 ]  [ 11.2  11.3  11.4  11.5  11.6  46.1  10.5  10.6  24.1 ]  [ 11.2  11.3  11.4  31.1 ]  [ 11.2  11.3  11.4  11.5  32.1 ]  [ 11.2  11.3  11.4  11.5  33.1 ]  [ 11.2  11.3  11.4  11.5  11.6  34.1 ]  [ 11.2  11.3  11.4  11.5  11.6  35.1 ]  [ 11.2  11.3  11.4  11.5  11.6  11.7  36.1 ]  [ 11.2  11.3  11.4  11.5  11.6  11.7  37.1 ]  [ 11.2  11.3  11.4  11.5  11.6  46.1  47.1 ]  [ 11.2  11.3  11.4  11.5  11.6  46.1  48.1 ] ]
11.3,26.0,11.0,2.0,20.0,0.0,0.0,0.0,[ 11.2  11.4 ],[ [ 11.3  11.2  11.1  1.6  1.5  1.4  1.3  1.2  1.01 ]  [ 11.3  11.2  11.1  1.6  1.5  1.4  1.3  1.2  3.01 ]  [ 11.3  11.4  11.5  11.6  46.1  49.01 ] ],[ [ 11.3  11.4  11.5  11.6  46.1  10.5  21.1 ]  [ 11.3  11.4  11.5  11.6  46.1  10.5  22.1 ]  [ 11.3  11.4  11.5  11.6  46.1  10.5  10.6  23.1 ]  [ 11.3  11.4  11.5  11.6  46.1  10.5  10.6  24.1 ]  [ 11.3  11.4  31.1 ]  [ 11.3  11.4  11.5  32.1 ]  [ 11.3  11.4  11.5  33.1 ]  [ 11.3  11.4  11.5  11.6  34.1 ]  [ 11.3  11.4  11.5  11.6  35.1 ]  [ 11.3  11.4  11.5  11.6  11.7  36.1 ]  [ 11.3  11.4  11.5  11.6  11.7  37.1 ]  [ 11.3  11.4  11.5  11.6  46.1  47.1 ]  [ 11.3  11.4  11.5  11.6  46.1  48.1 ] ]
11.4,29.0,11.0,2.0,20.0,0.0,0.0,0.0,[ 11.3  11.5  29.1  30.1  31.1  42.1 ],[ [ 11.4  11.3  11.2  11.1  1.6  1.5  1.4  1.3  1.2  1.01 ]  [ 11.4  11.3  11.2  11.1  1.6  1.5  1.4  1.3  1.2  3.01 ]  [ 11.4  11.5  11.6  46.1  49.01 ] ],[ [ 11.4  11.5  11.6  46.1  10.5  21.1 ]  [ 11.4  11.5  11.6  46.1  10.5  22.1 ]  [ 11.4  11.5  11.6  46.1  10.5  10.6  23.1 ]  [ 11.4  11.5  11.6  46.1  10.5  10.6  24.1 ]  [ 11.4  31.1 ]  [ 11.4  11.5  32.1 ]  [ 11.4  11.5  33.1 ]  [ 11.4  11.5  11.6  34.1 ]  [ 11.4  11.5  11.6  35.1 ]  [ 11.4  11.5  11.6  11.7  36.1 ]  [ 11.4  11.5  11.6  11.7  37.1 ]  [ 11.4  11.5  11.6  46.1  47.1 ]  [ 11.4  11.5  11.6  46.1  48.1 ] ]
11.5,32.0,11.0,2.0,20.0,0.0,0.0,0.0,[ 11.4  32.1  33.1  44.1  45.2  11.6 ],[ [ 11.5  11.4  11.3  11.2  11.1  1.6  1.5  1.4  1.3  1.2  1.01 ]  [ 11.5  11.4  11.3  11.2  11.1  1.6  1.5  1.4  1.3  1.2  3.01 ]  [ 11.5  11.6  46.1  49.01 ] ],[ [ 11.5  11.6  46.1  10.5  21.1 ]  [ 11.5  11.6  46.1  10.5  22.1 ]  [ 11.5  11.6  46.1  10.5  10.6  23.1 ]  [ 11.5  11.6  46.1  10.5  10.6  24.1 ]  [ 11.5  11.4  31.1 ]  [ 11.5  32.1 ]  [ 11.5  33.1 ]  [ 11.5  11.6  34.1 ]  [ 11.5  11.6  35.1 ]  [ 11.5  11.6  11.7  36.1 ]  [ 11.5  11.6  11.7  37.1 ]  [ 11.5  11.6  46.1  47.1 ]  [ 11.5  11.6  46.1  48.1 ] ]
11.6,36.0,11.0,2.0,20.0,0.0,1.0,0.0,[ 11.7  34.1  35.1  11.5  46.1 ],[ [ 11.6  11.5  11.4  11.3  11.2  11.1  1.6  1.5  1.4  1.3  1.2  1.01 ]  [ 11.6  11.5  11.4  11.3  11.2  11.1  1.6  1.5  1.4  1.3  1.2  3.01 ]  [ 11.6  46.1  49.01 ] ],[ [ 11.6  46.1  10.5  21.1 ]  [ 11.6  46.1  10.5  22.1 ]  [ 11.6  46.1  10.5  10.6  23.1 ]  [ 11.6  46.1  10.5  10.6  24.1 ]  [ 11.6  11.5  11.4  31.1 ]  [ 11.6  11.5  32.1 ]  [ 11.6  11.5  33.1 ]  [ 11.6  34.1 ]  [ 11.6  35.1 ]  [ 11.6  11.7  36.1 ]  [ 11.6  11.7  37.1 ]  [ 11.6  46.1  47.1 ]  [ 11.6  46.1  48.1 ] ]
11.7,39.0,11.0,2.0,20.0,0.0,1.0,0.0,[ 11.6  36.1  37.1 ],[ [ 11.7  11.6  11.5  11.4  11.3  11.2  11.1  1.6  1.5  1.4  1.3  1.2  1.01 ]  [ 11.7  11.6  11.5  11.4  11.3  11.2  11.1  1.6  1.5  1.4  1.3  1.2  3.01 ]  [ 11.7  11.6  46.1  49.01 ] ],[ [ 11.7  11.6  46.1  10.5  21.1 ]  [ 11.7  11.6  46.1  10.5  22.1 ]  [ 11.7  11.6  46.1  10.5  10.6  23.1 ]  [ 11.7  11.6  46.1  10.5  10.6  24.1 ]  [ 11.7  11.6  11.5  11.4  31.1 ]  [ 11.7  11.6  11.5  32.1 ]  [ 11.7  11.6  11.5  33.1 ]  [ 11.7  11.6  34.1 ]  [ 11.7  11.6  35.1 ]  [ 11.7  36.1 ]  [ 11.7  37.1 ]  [ 11.7  11.6  46.1  47.1 ]  [ 11.7  11.6  46.1  48.1 ] ]
12.1,17.0,5.0,1.0,10.0,0.0,0.0,0.0,[ 10.1 ],[ [ 12.1  10.1  1.6  1.5  1.4  1.3  1.2  1.01 ]  [ 12.1  10.1  1.6  1.5  1.4  1.3  1.2  3.01 ]  [ 12.1  10.1  10.2  10.3  10.4  10.5  46.1  49.01 ] ],[ [ 12.1  10.1  10.2  10.3  10.4  10.5  21.1 ]  [ 12.1  10.1  10.2  10.3  10.4  10.5  22.1 ]  [ 12.1  10.1  10.2  10.3  10.4  10.5  10.6  23.1 ]  [ 12.1  10.1  10.2  10.3  10.4  10.5  10.6  24.1 ]  [ 12.1  10.1  1.6  11.1  11.2  11.3  11.4  31.1 ]  [ 12.1  10.1  1.6  11.1  11.2  11.3  11.4  11.5  32.1 ]  [ 12.1  10.1  1.6  11.1  11.2  11.3  11.4  11.5  33.1 ]  [ 12.1  10.1  10.2  10.3  10.4  10.5  46.1  11.6  34.1 ]  [ 12.1  10.1  10.2  10.3  10.4  10.5  46.1  11.6  35.1 ]  [ 12.1  10.1  10.2  10.3  10.4  10.5  46.1  11.6  11.7  36.1 ]  [ 12.1  10.1  10.2  10.3  10.4  10.5  46.1  11.6  11.7  37.1 ]  [ 12.1  10.1  10.2  10.3  10.4  10.5  46.1  47.1 ]  [ 12.1  10.1  10.2  10.3  10.4  10.5  46.1  48.1 ] ]
13.1,17.0,9.0,1.0,10.0,0.0,0.0,0.0,[ 11.1 ],[ [ 13.1  11.1  1.6  1.5  1.4  1.3  1.2  1.01 ]  [ 13.1  11.1  1.6  1.5  1.4  1.3  1.2  3.01 ]  [ 13.1  11.1  11.2  11.3  11.4  11.5  11.6  46.1  49.01 ] ],[ [ 13.1  11.1  1.6  10.1  10.2  10.3  10.4  10.5  21.1 ]  [ 13.1  11.1  1.6  10.1  10.2  10.3  10.4  10.5  22.1 ]  [ 13.1  11.1  1.6  10.1  10.2  10.3  10.4  10.5  10.6  23.1 ]  [ 13.1  11.1  1.6  10.1  10.2  10.3  10.4  10.5  10.6  24.1 ]  [ 13.1  11.1  11.2  11.3  11.4  31.1 ]  [ 13.1  11.1  11.2  11.3  11.4  11.5  32.1 ]  [ 13.1  11.1  11.2  11.3  11.4  11.5  33.1 ]  [ 13.1  11.1  11.2  11.3  11.4  11.5  11.6  34.1 ]  [ 13.1  11.1  11.2  11.3  11.4  11.5  11.6  35.1 ]  [ 13.1  11.1  11.2  11.3  11.4  11.5  11.6  11.7  36.1 ]  [ 13.1  11.1  11.2  11.3  11.4  11.5  11.6  11.7  37.1 ]  [ 13.1  11.1  11.2  11.3  11.4  11.5  11.6  46.1  47.1 ]  [ 13.1  11.1  11.2  11.3  11.4  11.5  11.6  46.1  48.1 ] ]
14.1,18.0,2.0,2.0,20.0,1.0,0.0,0.0,[ 10.1 ],[ [ 14.1  10.1  1.6  1.5  1.4  1.3  1.2  1.01 ]  [ 14.1  10.1  1.6  1.5  1.4  1.3  1.2  3.01 ]  [ 14.1  10.1  10.2  10.3  10.4  10.5  46.1  49.01 ] ],[ [ 14.1  10.1  10.2  10.3  10.4  10.5  21.1 ]  [ 14.1  10.1  10.2  10.3  10.4  10.5  22.1 ]  [ 14.1  10.1  10.2  10.3  10.4  10.5  10.6  23.1 ]  [ 14.1  10.1  10.2  10.3  10.4  10.5  10.6  24.1 ]  [ 14.1  10.1  1.6  11.1  11.2  11.3  11.4  31.1 ]  [ 14.1  10.1  1.6  11.1  11.2  11.3  11.4  11.5  32.1 ]  [ 14.1  10.1  1.6  11.1  11.2  11.3  11.4  11.5  33.1 ]  [ 14.1  10.1  10.2  10.3  10.4  10.5  46.1  11.6  34.1 ]  [ 14.1  10.1  10.2  10.3  10.4  10.5  46.1  11.6  35.1 ]  [ 14.1  10.1  10.2  10.3  10.4  10.5  46.1  11.6  11.7  36.1 ]  [ 14.1  10.1  10.2  10.3  10.4  10.5  46.1  11.6  11.7  37.1 ]  [ 14.1  10.1  10.2  10.3  10.4  10.5  46.1  47.1 ]  [ 14.1  10.1  10.2  10.3  10.4  10.5  46.1  48.1 ] ]
15.1,21.0,2.0,2.0,20.0,1.0,0.0,0.0,[ 10.2 ],[ [ 15.1  10.2  10.1  1.6  1.5  1.4  1.3  1.2  1.01 ]  [ 15.1  10.2  10.1  1.6  1.5  1.4  1.3  1.2  3.01 ]  [ 15.1  10.2  10.3  10.4  10.5  46.1  49.01 ] ],[ [ 15.1  10.2  10.3  10.4  10.5  21.1 ]  [ 15.1  10.2  10.3  10.4  10.5  22.1 ]  [ 15.1  10.2  10.3  10.4  10.5  10.6  23.1 ]  [ 15.1  10.2  10.3  10.4  10.5  10.6  24.1 ]  [ 15.1  10.2  40.1  40.2  11.2  11.3  11.4  31.1 ]  [ 15.1  10.2  10.3  10.4  45.1  45.2  11.5  32.1 ]  [ 15.1  10.2  10.3  10.4  45.1  45.2  11.5  33.1 ]  [ 15.1  10.2  10.3  10.4  10.5  46.1  11.6  34.1 ]  [ 15.1  10.2  10.3  10.4  10.5  46.1  11.6  35.1 ]  [ 15.1  10.2  10.3  10.4  10.5  46.1  11.6  11.7  36.1 ]  [ 15.1  10.2  10.3  10.4  10.5  46.1  11.6  11.7  37.1 ]  [ 15.1  10.2  10.3  10.4  10.5  46.1  47.1 ]  [ 15.1  10.2  10.3  10.4  10.5  46.1  48.1 ] ]
16.1,24.0,2.0,2.0,20.0,1.0,0.0,0.0,[ 10.2 ],[ [ 16.1  10.2  10.1  1.6  1.5  1.4  1.3  1.2  1.01 ]  [ 16.1  10.2  10.1  1.6  1.5  1.4  1.3  1.2  3.01 ]  [ 16.1  10.2  10.3  10.4  10.5  46.1  49.01 ] ],[ [ 16.1  10.2  10.3  10.4  10.5  21.1 ]  [ 16.1  10.2  10.3  10.4  10.5  22.1 ]  [ 16.1  10.2  10.3  10.4  10.5  10.6  23.1 ]  [ 16.1  10.2  10.3  10.4  10.5  10.6  24.1 ]  [ 16.1  10.2  40.1  40.2  11.2  11.3  11.4  31.1 ]  [ 16.1  10.2  10.3  10.4  45.1  45.2  11.5  32.1 ]  [ 16.1  10.2  10.3  10.4  45.1  45.2  11.5  33.1 ]  [ 16.1  10.2  10.3  10.4  10.5  46.1  11.6  34.1 ]  [ 16.1  10.2  10.3  10.4  10.5  46.1  11.6  35.1 ]  [ 16.1  10.2  10.3  10.4  10.5  46.1  11.6  11.7  36.1 ]  [ 16.1  10.2  10.3  10.4  10.5  46.1  11.6  11.7  37.1 ]  [ 16.1  10.2  10.3  10.4  10.5  46.1  47.1 ]  [ 16.1  10.2  10.3  10.4  10.5  46.1  48.1 ] ]
17.1,27.0,2.0,1.0,10.0,1.0,0.0,0.0,[ 10.3 ],[ [ 17.1  10.3  10.2  10.1  1.6  1.5  1.4  1.3  1.2  1.01 ]  [ 17.1  10.3  10.2  10.1  1.6  1.5  1.4  1.3  1.2  3.01 ]  [ 17.1  10.3  10.4  10.5  46.1  49.01 ] ],[ [ 17.1  10.3  10.4  10.5  21.1 ]  [ 17.1  10.3  10.4  10.5  22.1 ]  [ 17.1  10.3  10.4  10.5  10.6  23.1 ]  [ 17.1  10.3  10.4  10.5  10.6  24.1 ]  [ 17.1  10.3  10.4  45.1  45.2  11.5  11.4  31.1 ]  [ 17.1  10.3  10.4  45.1  45.2  11.5  32.1 ]  [ 17.1  10.3  10.4  45.1  45.2  11.5  33.1 ]  [ 17.1  10.3  10.4  10.5  46.1  11.6  34.1 ]  [ 17.1  10.3  10.4  10.5  46.1  11.6  35.1 ]  [ 17.1  10.3  10.4  10.5  46.1  11.6  11.7  36.1 ]  [ 17.1  10.3  10.4  10.5  46.1  11.6  11.7  37.1 ]  [ 17.1  10.3  10.4  10.5  46.1  47.1 ]  [ 17.1  10.3  10.4  10.5  46.1  48.1 ] ]
18.1,29.0,2.0,2.0,20.0,1.0,0.0,0.0,[ 10.3 ],[ [ 18.1  10.3  10.2  10.1  1.6  1.5  1.4  1.3  1.2  1.01 ]  [ 18.1  10.3  10.2  10.1  1.6  1.5  1.4  1.3  1.2  3.01 ]  [ 18.1  10.3  10.4  10.5  46.1  49.01 ] ],[ [ 18.1  10.3  10.4  10.5  21.1 ]  [ 18.1  10.3  10.4  10.5  22.1 ]  [ 18.1  10.3  10.4  10.5  10.6  23.1 ]  [ 18.1  10.3  10.4  10.5  10.6  24.1 ]  [ 18.1  10.3  10.4  45.1  45.2  11.5  11.4  31.1 ]  [ 18.1  10.3  10.4  45.1  45.2  11.5  32.1 ]  [ 18.1  10.3  10.4  45.1  45.2  11.5  33.1 ]  [ 18.1  10.3  10.4  10.5  46.1  11.6  34.1 ]  [ 18.1  10.3  10.4  10.5  46.1  11.6  35.1 ]  [ 18.1  10.3  10.4  10.5  46.1  11.6  11.7  36.1 ]  [ 18.1  10.3  10.4  10.5  46.1  11.6  11.7  37.1 ]  [ 18.1  10.3  10.4  10.5  46.1  47.1 ]  [ 18.1  10.3  10.4  10.5  46.1  48.1 ] ]
19.1,31.0,2.0,2.0,20.0,1.0,0.0,0.0,[ 10.4 ],[ [ 19.1  10.4  10.3  10.2  10.1  1.6  1.5  1.4  1.3  1.2  1.01 ]  [ 19.1  10.4  10.3  10.2  10.1  1.6  1.5  1.4  1.3  1.2  3.01 ]  [ 19.1  10.4  10.5  46.1  49.01 ] ],[ [ 19.1  10.4  10.5  21.1 ]  [ 19.1  10.4  10.5  22.1 ]  [ 19.1  10.4  10.5  10.6  23.1 ]  [ 19.1  10.4  10.5  10.6  24.1 ]  [ 19.1  10.4  45.1  45.2  11.5  11.4  31.1 ]  [ 19.1  10.4  45.1  45.2  11.5  32.1 ]  [ 19.1  10.4  45.1  45.2  11.5  33.1 ]  [ 19.1  10.4  10.5  46.1  11.6  34.1 ]  [ 19.1  10.4  10.5  46.1  11.6  35.1 ]  [ 19.1  10.4  10.5  46.1  11.6  11.7  36.1 ]  [ 19.1  10.4  10.5  46.1  11.6  11.7  37.1 ]  [ 19.1  10.4  10.5  46.1  47.1 ]  [ 19.1  10.4  10.5  46.1  48.1 ] ]
20.1,33.0,2.0,1.0,10.0,1.0,0.0,0.0,[ 10.4 ],[ [ 20.1  10.4  10.3  10.2  10.1  1.6  1.5  1.4  1.3  1.2  1.01 ]  [ 20.1  10.4  10.3  10.2  10.1  1.6  1.5  1.4  1.3  1.2  3.01 ]  [ 20.1  10.4  10.5  46.1  49.01 ] ],[ [ 20.1  10.4  10.5  21.1 ]  [ 20.1  10.4  10.5  22.1 ]  [ 20.1  10.4  10.5  10.6  23.1 ]  [ 20.1  10.4  10.5  10.6  24.1 ]  [ 20.1  10.4  45.1  45.2  11.5  11.4  31.1 ]  [ 20.1  10.4  45.1  45.2  11.5  32.1 ]  [ 20.1  10.4  45.1  45.2  11.5  33.1 ]  [ 20.1  10.4  10.5  46.1  11.6  34.1 ]  [ 20.1  10.4  10.5  46.1  11.6  35.1 ]  [ 20.1  10.4  10.5  46.1  11.6  11.7  36.1 ]  [ 20.1  10.4  10.5  46.1  11.6  11.7  37.1 ]  [ 20.1  10.4  10.5  46.1  47.1 ]  [ 20.1  10.4  10.5  46.1  48.1 ] ]
21.1,35.0,2.0,1.0,10.0,1.0,0.0,1.0,[ 10.5 ],[ [ 21.1  10.5  10.4  10.3  10.2  10.1  1.6  1.5  1.4  1.3  1.2  1.01 ]  [ 21.1  10.5  10.4  10.3  10.2  10.1  1.6  1.5  1.4  1.3  1.2  3.01 ]  [ 21.1  10.5  46.1  49.01 ] ],[ [ 21.1 ]  [ 21.1  10.5  22.1 ]  [ 21.1  10.5  10.6  23.1 ]  [ 21.1  10.5  10.6  24.1 ]  [ 21.1  10.5  46.1  11.6  11.5  11.4  31.1 ]  [ 21.1  10.5  46.1  11.6  11.5  32.1 ]  [ 21.1  10.5  46.1  11.6  11.5  33.1 ]  [ 21.1  10.5  46.1  11.6  34.1 ]  [ 21.1  10.5  46.1  11.6  35.1 ]  [ 21.1  10.5  46.1  11.6  11.7  36.1 ]  [ 21.1  10.5  46.1  11.6  11.7  37.1 ]  [ 21.1  10.5  46.1  47.1 ]  [ 21.1  10.5  46.1  48.1 ] ]
22.1,37.0,2.0,1.0,10.0,1.0,0.0,1.0,[ 10.5 ],[ [ 22.1  10.5  10.4  10.3  10.2  10.1  1.6  1.5  1.4  1.3  1.2  1.01 ]  [ 22.1  10.5  10.4  10.3  10.2  10.1  1.6  1.5  1.4  1.3  1.2  3.01 ]  [ 22.1  10.5  46.1  49.01 ] ],[ [ 22.1  10.5  21.1 ]  [ 22.1 ]  [ 22.1  10.5  10.6  23.1 ]  [ 22.1  10.5  10.6  24.1 ]  [ 22.1  10.5  46.1  11.6  11.5  11.4  31.1 ]  [ 22.1  10.5  46.1  11.6  11.5  32.1 ]  [ 22.1  10.5  46.1  11.6  11.5  33.1 ]  [ 22.1  10.5  46.1  11.6  34.1 ]  [ 22.1  10.5  46.1  11.6  35.1 ]  [ 22.1  10.5  46.1  11.6  11.7  36.1 ]  [ 22.1  10.5  46.1  11.6  11.7  37.1 ]  [ 22.1  10.5  46.1  47.1 ]  [ 22.1  10.5  46.1  48.1 ] ]
23.1,38.0,2.0,1.0,10.0,1.0,0.0,1.0,[ 10.6 ],[ [ 23.1  10.6  10.5  10.4  10.3  10.2  10.1  1.6  1.5  1.4  1.3  1.2  1.01 ]  [ 23.1  10.6  10.5  10.4  10.3  10.2  10.1  1.6  1.5  1.4  1.3  1.2  3.01 ]  [ 23.1  10.6  10.5  46.1  49.01 ] ],[ [ 23.1  10.6  10.5  21.1 ]  [ 23.1  10.6  10.5  22.1 ]  [ 23.1 ]  [ 23.1  10.6  24.1 ]  [ 23.1  10.6  10.5  46.1  11.6  11.5  11.4  31.1 ]  [ 23.1  10.6  10.5  46.1  11.6  11.5  32.1 ]  [ 23.1  10.6  10.5  46.1  11.6  11.5  33.1 ]  [ 23.1  10.6  10.5  46.1  11.6  34.1 ]  [ 23.1  10.6  10.5  46.1  11.6  35.1 ]  [ 23.1  10.6  10.5  46.1  11.6  11.7  36.1 ]  [ 23.1  10.6  10.5  46.1  11.6  11.7  37.1 ]  [ 23.1  10.6  10.5  46.1  47.1 ]  [ 23.1  10.6  10.5  46.1  48.1 ] ]
24.1,40.0,2.0,2.0,20.0,1.0,0.0,1.0,[ 10.6 ],[ [ 24.1  10.6  10.5  10.4  10.3  10.2  10.1  1.6  1.5  1.4  1.3  1.2  1.01 ]  [ 24.1  10.6  10.5  10.4  10.3  10.2  10.1  1.6  1.5  1.4  1.3  1.2  3.01 ]  [ 24.1  10.6  10.5  46.1  49.01 ] ],[ [ 24.1  10.6  10.5  21.1 ]  [ 24.1  10.6  10.5  22.1 ]  [ 24.1  10.6  23.1 ]  [ 24.1 ]  [ 24.1  10.6  10.5  46.1  11.6  11.5  11.4  31.1 ]  [ 24.1  10.6  10.5  46.1  11.6  11.5  32.1 ]  [ 24.1  10.6  10.5  46.1  11.6  11.5  33.1 ]  [ 24.1  10.6  10.5  46.1  11.6  34.1 ]  [ 24.1  10.6  10.5  46.1  11.6  35.1 ]  [ 24.1  10.6  10.5  46.1  11.6  11.7  36.1 ]  [ 24.1  10.6  10.5  46.1  11.6  11.7  37.1 ]  [ 24.1  10.6  10.5  46.1  47.1 ]  [ 24.1  10.6  10.5  46.1  48.1 ] ]
25.1,17.0,13.0,2.0,20.0,1.0,0.0,0.0,[ 11.1 ],[ [ 25.1  11.1  1.6  1.5  1.4  1.3  1.2  1.01 ]  [ 25.1  11.1  1.6  1.5  1.4  1.3  1.2  3.01 ]  [ 25.1  11.1  11.2  11.3  11.4  11.5  11.6  46.1  49.01 ] ],[ [ 25.1  11.1  1.6  10.1  10.2  10.3  10.4  10.5  21.1 ]  [ 25.1  11.1  1.6  10.1  10.2  10.3  10.4  10.5  22.1 ]  [ 25.1  11.1  1.6  10.1  10.2  10.3  10.4  10.5  10.6  23.1 ]  [ 25.1  11.1  1.6  10.1  10.2  10.3  10.4  10.5  10.6  24.1 ]  [ 25.1  11.1  11.2  11.3  11.4  31.1 ]  [ 25.1  11.1  11.2  11.3  11.4  11.5  32.1 ]  [ 25.1  11.1  11.2  11.3  11.4  11.5  33.1 ]  [ 25.1  11.1  11.2  11.3  11.4  11.5  11.6  34.1 ]  [ 25.1  11.1  11.2  11.3  11.4  11.5  11.6  35.1 ]  [ 25.1  11.1  11.2  11.3  11.4  11.5  11.6  11.7  36.1 ]  [ 25.1  11.1  11.2  11.3  11.4  11.5  11.6  11.7  37.1 ]  [ 25.1  11.1  11.2  11.3  11.4  11.5  11.6  46.1  47.1 ]  [ 25.1  11.1  11.2  11.3  11.4  11.5  11.6  46.1  48.1 ] ]
26.1,19.0,13.0,2.0,20.0,1.0,0.0,0.0,[ 11.1 ],[ [ 26.1  11.1  1.6  1.5  1.4  1.3  1.2  1.01 ]  [ 26.1  11.1  1.6  1.5  1.4  1.3  1.2  3.01 ]  [ 26.1  11.1  11.2  11.3  11.4  11.5  11.6  46.1  49.01 ] ],[ [ 26.1  11.1  1.6  10.1  10.2  10.3  10.4  10.5  21.1 ]  [ 26.1  11.1  1.6  10.1  10.2  10.3  10.4  10.5  22.1 ]  [ 26.1  11.1  1.6  10.1  10.2  10.3  10.4  10.5  10.6  23.1 ]  [ 26.1  11.1  1.6  10.1  10.2  10.3  10.4  10.5  10.6  24.1 ]  [ 26.1  11.1  11.2  11.3  11.4  31.1 ]  [ 26.1  11.1  11.2  11.3  11.4  11.5  32.1 ]  [ 26.1  11.1  11.2  11.3  11.4  11.5  33.1 ]  [ 26.1  11.1  11.2  11.3  11.4  11.5  11.6  34.1 ]  [ 26.1  11.1  11.2  11.3  11.4  11.5  11.6  35.1 ]  [ 26.1  11.1  11.2  11.3  11.4  11.5  11.6  11.7  36.1 ]  [ 26.1  11.1  11.2  11.3  11.4  11.5  11.6  11.7  37.1 ]  [ 26.1  11.1  11.2  11.3  11.4  11.5  11.6  46.1  47.1 ]  [ 26.1  11.1  11.2  11.3  11.4  11.5  11.6  46.1  48.1 ] ]
27.1,22.0,13.0,2.0,10.0,1.0,0.0,0.0,[ 11.2 ],[ [ 27.1  11.2  11.1  1.6  1.5  1.4  1.3  1.2  1.01 ]  [ 27.1  11.2  11.1  1.6  1.5  1.4  1.3  1.2  3.01 ]  [ 27.1  11.2  11.3  11.4  11.5  11.6  46.1  49.01 ] ],[ [ 27.1  11.2  11.3  11.4  11.5  11.6  46.1  10.5  21.1 ]  [ 27.1  11.2  11.3  11.4  11.5  11.6  46.1  10.5  22.1 ]  [ 27.1  11.2  11.3  11.4  11.5  11.6  46.1  10.5  10.6  23.1 ]  [ 27.1  11.2  11.3  11.4  11.5  11.6  46.1  10.5  10.6  24.1 ]  [ 27.1  11.2  11.3  11.4  31.1 ]  [ 27.1  11.2  11.3  11.4  11.5  32.1 ]  [ 27.1  11.2  11.3  11.4  11.5  33.1 ]  [ 27.1  11.2  11.3  11.4  11.5  11.6  34.1 ]  [ 27.1  11.2  11.3  11.4  11.5  11.6  35.1 ]  [ 27.1  11.2  11.3  11.4  11.5  11.6  11.7  36.1 ]  [ 27.1  11.2  11.3  11.4  11.5  11.6  11.7  37.1 ]  [ 27.1  11.2  11.3  11.4  11.5  11.6  46.1  47.1 ]  [ 27.1  11.2  11.3  11.4  11.5  11.6  46.1  48.1 ] ]
28.1,25.0,13.0,2.0,20.0,1.0,0.0,0.0,[ 11.2 ],[ [ 28.1  11.2  11.1  1.6  1.5  1.4  1.3  1.2  1.01 ]  [ 28.1  11.2  11.1  1.6  1.5  1.4  1.3  1.2  3.01 ]  [ 28.1  11.2  11.3  11.4  11.5  11.6  46.1  49.01 ] ],[ [ 28.1  11.2  11.3  11.4  11.5  11.6  46.1  10.5  21.1 ]  [ 28.1  11.2  11.3  11.4  11.5  11.6  46.1  10.5  22.1 ]  [ 28.1  11.2  11.3  11.4  11.5  11.6  46.1  10.5  10.6  23.1 ]  [ 28.1  11.2  11.3  11.4  11.5  11.6  46.1  10.5  10.6  24.1 ]  [ 28.1  11.2  11.3  11.4  31.1 ]  [ 28.1  11.2  11.3  11.4  11.5  32.1 ]  [ 28.1  11.2  11.3  11.4  11.5  33.1 ]  [ 28.1  11.2  11.3  11.4  11.5  11.6  34.1 ]  [ 28.1  11.2  11.3  11.4  11.5  11.6  35.1 ]  [ 28.1  11.2  11.3  11.4  11.5  11.6  11.7  36.1 ]  [ 28.1  11.2  11.3  11.4  11.5  11.6  11.7  37.1 ]  [ 28.1  11.2  11.3  11.4  11.5  11.6  46.1  47.1 ]  [ 28.1  11.2  11.3  11.4  11.5  11.6  46.1  48.1 ] ]
29.1,27.0,13.0,1.0,20.0,1.0,0.0,0.0,[ 11.4 ],[ [ 29.1  11.4  11.3  11.2  11.1  1.6  1.5  1.4  1.3  1.2  1.01 ]  [ 29.1  11.4  11.3  11.2  11.1  1.6  1.5  1.4  1.3  1.2  3.01 ]  [ 29.1  11.4  11.5  11.6  46.1  49.01 ] ],[ [ 29.1  11.4  11.5  11.6  46.1  10.5  21.1 ]  [ 29.1  11.4  11.5  11.6  46.1  10.5  22.1 ]  [ 29.1  11.4  11.5  11.6  46.1  10.5  10.6  23.1 ]  [ 29.1  11.4  11.5  11.6  46.1  10.5  10.6  24.1 ]  [ 29.1  11.4  31.1 ]  [ 29.1  11.4  11.5  32.1 ]  [ 29.1  11.4  11.5  33.1 ]  [ 29.1  11.4  11.5  11.6  34.1 ]  [ 29.1  11.4  11.5  11.6  35.1 ]  [ 29.1  11.4  11.5  11.6  11.7  36.1 ]  [ 29.1  11.4  11.5  11.6  11.7  37.1 ]  [ 29.1  11.4  11.5  11.6  46.1  47.1 ]  [ 29.1  11.4  11.5  11.6  46.1  48.1 ] ]
30.1,29.0,13.0,1.0,10.0,1.0,0.0,0.0,[ 11.4 ],[ [ 30.1  11.4  11.3  11.2  11.1  1.6  1.5  1.4  1.3  1.2  1.01 ]  [ 30.1  11.4  11.3  11.2  11.1  1.6  1.5  1.4  1.3  1.2  3.01 ]  [ 30.1  11.4  11.5  11.6  46.1  49.01 ] ],[ [ 30.1  11.4  11.5  11.6  46.1  10.5  21.1 ]  [ 30.1  11.4  11.5  11.6  46.1  10.5  22.1 ]  [ 30.1  11.4  11.5  11.6  46.1  10.5  10.6  23.1 ]  [ 30.1  11.4  11.5  11.6  46.1  10.5  10.6  24.1 ]  [ 30.1  11.4  31.1 ]  [ 30.1  11.4  11.5  32.1 ]  [ 30.1  11.4  11.5  33.1 ]  [ 30.1  11.4  11.5  11.6  34.1 ]  [ 30.1  11.4  11.5  11.6  35.1 ]  [ 30.1  11.4  11.5  11.6  11.7  36.1 ]  [ 30.1  11.4  11.5  11.6  11.7  37.1 ]  [ 30.1  11.4  11.5  11.6  46.1  47.1 ]  [ 30.1  11.4  11.5  11.6  46.1  48.1 ] ]
31.1,30.0,13.0,1.0,10.0,1.0,0.0,1.0,[ 11.4 ],[ [ 31.1  11.4  11.3  11.2  11.1  1.6  1.5  1.4  1.3  1.2  1.01 ]  [ 31.1  11.4  11.3  11.2  11.1  1.6  1.5  1.4  1.3  1.2  3.01 ]  [ 31.1  11.4  11.5  11.6  46.1  49.01 ] ],[ [ 31.1  11.4  11.5  11.6  46.1  10.5  21.1 ]  [ 31.1  11.4  11.5  11.6  46.1  10.5  22.1 ]  [ 31.1  11.4  11.5  11.6  46.1  10.5  10.6  23.1 ]  [ 31.1  11.4  11.5  11.6  46.1  10.5  10.6  24.1 ]  [ 31.1 ]  [ 31.1  11.4  11.5  32.1 ]  [ 31.1  11.4  11.5  33.1 ]  [ 31.1  11.4  11.5  11.6  34.1 ]  [ 31.1  11.4  11.5  11.6  35.1 ]  [ 31.1  11.4  11.5  11.6  11.7  36.1 ]  [ 31.1  11.4  11.5  11.6  11.7  37.1 ]  [ 31.1  11.4  11.5  11.6  46.1  47.1 ]  [ 31.1  11.4  11.5  11.6  46.1  48.1 ] ]
32.1,32.0,13.0,1.0,10.0,1.0,0.0,1.0,[ 11.5 ],[ [ 32.1  11.5  11.4  11.3  11.2  11.1  1.6  1.5  1.4  1.3  1.2  1.01 ]  [ 32.1  11.5  11.4  11.3  11.2  11.1  1.6  1.5  1.4  1.3  1.2  3.01 ]  [ 32.1  11.5  11.6  46.1  49.01 ] ],[ [ 32.1  11.5  11.6  46.1  10.5  21.1 ]  [ 32.1  11.5  11.6  46.1  10.5  22.1 ]  [ 32.1  11.5  11.6  46.1  10.5  10.6  23.1 ]  [ 32.1  11.5  11.6  46.1  10.5  10.6  24.1 ]  [ 32.1  11.5  11.4  31.1 ]  [ 32.1 ]  [ 32.1  11.5  33.1 ]  [ 32.1  11.5  11.6  34.1 ]  [ 32.1  11.5  11.6  35.1 ]  [ 32.1  11.5  11.6  11.7  36.1 ]  [ 32.1  11.5  11.6  11.7  37.1 ]  [ 32.1  11.5  11.6  46.1  47.1 ]  [ 32.1  11.5  11.6  46.1  48.1 ] ]
33.1,33.0,13.0,1.0,10.0,1.0,0.0,1.0,[ 11.5 ],[ [ 33.1  11.5  11.4  11.3  11.2  11.1  1.6  1.5  1.4  1.3  1.2  1.01 ]  [ 33.1  11.5  11.4  11.3  11.2  11.1  1.6  1.5  1.4  1.3  1.2  3.01 ]  [ 33.1  11.5  11.6  46.1  49.01 ] ],[ [ 33.1  11.5  11.6  46.1  10.5  21.1 ]  [ 33.1  11.5  11.6  46.1  10.5  22.1 ]  [ 33.1  11.5  11.6  46.1  10.5  10.6  23.1 ]  [ 33.1  11.5  11.6  46.1  10.5  10.6  24.1 ]  [ 33.1  11.5  11.4  31.1 ]  [ 33.1  11.5  32.1 ]  [ 33.1 ]  [ 33.1  11.5  11.6  34.1 ]  [ 33.1  11.5  11.6  35.1 ]  [ 33.1  11.5  11.6  11.7  36.1 ]  [ 33.1  11.5  11.6  11.7  37.1 ]  [ 33.1  11.5  11.6  46.1  47.1 ]  [ 33.1  11.5  11.6  46.1  48.1 ] ]
34.1,35.0,13.0,1.0,20.0,1.0,0.0,1.0,[ 11.6 ],[ [ 34.1  11.6  11.5  11.4  11.3  11.2  11.1  1.6  1.5  1.4  1.3  1.2  1.01 ]  [ 34.1  11.6  11.5  11.4  11.3  11.2  11.1  1.6  1.5  1.4  1.3  1.2  3.01 ]  [ 34.1  11.6  46.1  49.01 ] ],[ [ 34.1  11.6  46.1  10.5  21.1 ]  [ 34.1  11.6  46.1  10.5  22.1 ]  [ 34.1  11.6  46.1  10.5  10.6  23.1 ]  [ 34.1  11.6  46.1  10.5  10.6  24.1 ]  [ 34.1  11.6  11.5  11.4  31.1 ]  [ 34.1  11.6  11.5  32.1 ]  [ 34.1  11.6  11.5  33.1 ]  [ 34.1 ]  [ 34.1  11.6  35.1 ]  [ 34.1  11.6  11.7  36.1 ]  [ 34.1  11.6  11.7  37.1 ]  [ 34.1  11.6  46.1  47.1 ]  [ 34.1  11.6  46.1  48.1 ] ]
35.1,37.0,13.0,1.0,10.0,1.0,0.0,1.0,[ 11.6 ],[ [ 35.1  11.6  11.5  11.4  11.3  11.2  11.1  1.6  1.5  1.4  1.3  1.2  1.01 ]  [ 35.1  11.6  11.5  11.4  11.3  11.2  11.1  1.6  1.5  1.4  1.3  1.2  3.01 ]  [ 35.1  11.6  46.1  49.01 ] ],[ [ 35.1  11.6  46.1  10.5  21.1 ]  [ 35.1  11.6  46.1  10.5  22.1 ]  [ 35.1  11.6  46.1  10.5  10.6  23.1 ]  [ 35.1  11.6  46.1  10.5  10.6  24.1 ]  [ 35.1  11.6  11.5  11.4  31.1 ]  [ 35.1  11.6  11.5  32.1 ]  [ 35.1  11.6  11.5  33.1 ]  [ 35.1  11.6  34.1 ]  [ 35.1 ]  [ 35.1  11.6  11.7  36.1 ]  [ 35.1  11.6  11.7  37.1 ]  [ 35.1  11.6  46.1  47.1 ]  [ 35.1  11.6  46.1  48.1 ] ]
36.1,38.0,13.0,1.0,10.0,1.0,0.0,1.0,[ 11.7 ],[ [ 36.1  11.7  11.6  11.5  11.4  11.3  11.2  11.1  1.6  1.5  1.4  1.3  1.2  1.01 ]  [ 36.1  11.7  11.6  11.5  11.4  11.3  11.2  11.1  1.6  1.5  1.4  1.3  1.2  3.01 ]  [ 36.1  11.7  11.6  46.1  49.01 ] ],[ [ 36.1  11.7  11.6  46.1  10.5  21.1 ]  [ 36.1  11.7  11.6  46.1  10.5  22.1 ]  [ 36.1  11.7  11.6  46.1  10.5  10.6  23.1 ]  [ 36.1  11.7  11.6  46.1  10.5  10.6  24.1 ]  [ 36.1  11.7  11.6  11.5  11.4  31.1 ]  [ 36.1  11.7  11.6  11.5  32.1 ]  [ 36.1  11.7  11.6  11.5  33.1 ]  [ 36.1  11.7  11.6  34.1 ]  [ 36.1  11.7  11.6  35.1 ]  [ 36.1 ]  [ 36.1  11.7  37.1 ]  [ 36.1  11.7  11.6  46.1  47.1 ]  [ 36.1  11.7  11.6  46.1  48.1 ] ]
37.1,40.0,13.0,2.0,10.0,1.0,0.0,1.0,[ 11.7 ],[ [ 37.1  11.7  11.6  11.5  11.4  11.3  11.2  11.1  1.6  1.5  1.4  1.3  1.2  1.01 ]  [ 37.1  11.7  11.6  11.5  11.4  11.3  11.2  11.1  1.6  1.5  1.4  1.3  1.2  3.01 ]  [ 37.1  11.7  11.6  46.1  49.01 ] ],[ [ 37.1  11.7  11.6  46.1  10.5  21.1 ]  [ 37.1  11.7  11.6  46.1  10.5  22.1 ]  [ 37.1  11.7  11.6  46.1  10.5  10.6  23.1 ]  [ 37.1  11.7  11.6  46.1  10.5  10.6  24.1 ]  [ 37.1  11.7  11.6  11.5  11.4  31.1 ]  [ 37.1  11.7  11.6  11.5  32.1 ]  [ 37.1  11.7  11.6  11.5  33.1 ]  [ 37.1  11.7  11.6  34.1 ]  [ 37.1  11.7  11.6  35.1 ]  [ 37.1  11.7  36.1 ]  [ 37.1 ]  [ 37.1  11.7  11.6  46.1  47.1 ]  [ 37.1  11.7  11.6  46.1  48.1 ] ]
38.1,22.0,6.0,1.0,10.0,1.0,0.0,0.0,[ 10.2 ],[ [ 38.1  10.2  10.1  1.6  1.5  1.4  1.3  1.2  1.01 ]  [ 38.1  10.2  10.1  1.6  1.5  1.4  1.3  1.2  3.01 ]  [ 38.1  10.2  10.3  10.4  10.5  46.1  49.01 ] ],[ [ 38.1  10.2  10.3  10.4  10.5  21.1 ]  [ 38.1  10.2  10.3  10.4  10.5  22.1 ]  [ 38.1  10.2  10.3  10.4  10.5  10.6  23.1 ]  [ 38.1  10.2  10.3  10.4  10.5  10.6  24.1 ]  [ 38.1  10.2  40.1  40.2  11.2  11.3  11.4  31.1 ]  [ 38.1  10.2  10.3  10.4  45.1  45.2  11.5  32.1 ]  [ 38.1  10.2  10.3  10.4  45.1  45.2  11.5  33.1 ]  [ 38.1  10.2  10.3  10.4  10.5  46.1  11.6  34.1 ]  [ 38.1  10.2  10.3  10.4  10.5  46.1  11.6  35.1 ]  [ 38.1  10.2  10.3  10.4  10.5  46.1  11.6  11.7  36.1 ]  [ 38.1  10.2  10.3  10.4  10.5  46.1  11.6  11.7  37.1 ]  [ 38.1  10.2  10.3  10.4  10.5  46.1  47.1 ]  [ 38.1  10.2  10.3  10.4  10.5  46.1  48.1 ] ]
39.1,21.0,9.0,1.0,10.0,1.0,0.0,0.0,[ 11.2 ],[ [ 39.1  11.2  11.1  1.6  1.5  1.4  1.3  1.2  1.01 ]  [ 39.1  11.2  11.1  1.6  1.5  1.4  1.3  1.2  3.01 ]  [ 39.1  11.2  11.3  11.4  11.5  11.6  46.1  49.01 ] ],[ [ 39.1  11.2  11.3  11.4  11.5  11.6  46.1  10.5  21.1 ]  [ 39.1  11.2  11.3  11.4  11.5  11.6  46.1  10.5  22.1 ]  [ 39.1  11.2  11.3  11.4  11.5  11.6  46.1  10.5  10.6  23.1 ]  [ 39.1  11.2  11.3  11.4  11.5  11.6  46.1  10.5  10.6  24.1 ]  [ 39.1  11.2  11.3  11.4  31.1 ]  [ 39.1  11.2  11.3  11.4  11.5  32.1 ]  [ 39.1  11.2  11.3  11.4  11.5  33.1 ]  [ 39.1  11.2  11.3  11.4  11.5  11.6  34.1 ]  [ 39.1  11.2  11.3  11.4  11.5  11.6  35.1 ]  [ 39.1  11.2  11.3  11.4  11.5  11.6  11.7  36.1 ]  [ 39.1  11.2  11.3  11.4  11.5  11.6  11.7  37.1 ]  [ 39.1  11.2  11.3  11.4  11.5  11.6  46.1  47.1 ]  [ 39.1  11.2  11.3  11.4  11.5  11.6  46.1  48.1 ] ]
40.1,24.0,6.0,1.0,15.0,1.0,0.0,0.0,[ 10.2  40.2 ],[ [ 40.1  10.2  10.1  1.6  1.5  1.4  1.3  1.2  1.01 ]  [ 40.1  10.2  10.1  1.6  1.5  1.4  1.3  1.2  3.01 ]  [ 40.1  10.2  10.3  10.4  10.5  46.1  49.01 ] ],[ [ 40.1  10.2  10.3  10.4  10.5  21.1 ]  [ 40.1  10.2  10.3  10.4  10.5  22.1 ]  [ 40.1  10.2  10.3  10.4  10.5  10.6  23.1 ]  [ 40.1  10.2  10.3  10.4  10.5  10.6  24.1 ]  [ 40.1  40.2  11.2  11.3  11.4  31.1 ]  [ 40.1  40.2  11.2  11.3  11.4  11.5  32.1 ]  [ 40.1  40.2  11.2  11.3  11.4  11.5  33.1 ]  [ 40.1  40.2  11.2  11.3  11.4  11.5  11.6  34.1 ]  [ 40.1  40.2  11.2  11.3  11.4  11.5  11.6  35.1 ]  [ 40.1  40.2  11.2  11.3  11.4  11.5  11.6  11.7  36.1 ]  [ 40.1  40.2  11.2  11.3  11.4  11.5  11.6  11.7  37.1 ]  [ 40.1  10.2  10.3  10.4  10.5  46.1  47.1 ]  [ 40.1  10.2  10.3  10.4  10.5  46.1  48.1 ] ]
40.2,24.0,9.0,1.0,15.0,1.0,0.0,0.0,[ 11.2  40.1 ],[ [ 40.2  11.2  11.1  1.6  1.5  1.4  1.3  1.2  1.01 ]  [ 40.2  11.2  11.1  1.6  1.5  1.4  1.3  1.2  3.01 ]  [ 40.2  40.1  10.2  10.3  10.4  10.5  46.1  49.01 ] ],[ [ 40.2  40.1  10.2  10.3  10.4  10.5  21.1 ]  [ 40.2  40.1  10.2  10.3  10.4  10.5  22.1 ]  [ 40.2  40.1  10.2  10.3  10.4  10.5  10.6  23.1 ]  [ 40.2  40.1  10.2  10.3  10.4  10.5  10.6  24.1 ]  [ 40.2  11.2  11.3  11.4  31.1 ]  [ 40.2  11.2  11.3  11.4  11.5  32.1 ]  [ 40.2  11.2  11.3  11.4  11.5  33.1 ]  [ 40.2  11.2  11.3  11.4  11.5  11.6  34.1 ]  [ 40.2  11.2  11.3  11.4  11.5  11.6  35.1 ]  [ 40.2  11.2  11.3  11.4  11.5  11.6  11.7  36.1 ]  [ 40.2  11.2  11.3  11.4  11.5  11.6  11.7  37.1 ]  [ 40.2  40.1  10.2  10.3  10.4  10.5  46.1  47.1 ]  [ 40.2  40.1  10.2  10.3  10.4  10.5  46.1  48.1 ] ]
41.1,28.0,6.0,1.0,15.0,1.0,0.0,0.0,[ 10.3 ],[ [ 41.1  10.3  10.2  10.1  1.6  1.5  1.4  1.3  1.2  1.01 ]  [ 41.1  10.3  10.2  10.1  1.6  1.5  1.4  1.3  1.2  3.01 ]  [ 41.1  10.3  10.4  10.5  46.1  49.01 ] ],[ [ 41.1  10.3  10.4  10.5  21.1 ]  [ 41.1  10.3  10.4  10.5  22.1 ]  [ 41.1  10.3  10.4  10.5  10.6  23.1 ]  [ 41.1  10.3  10.4  10.5  10.6  24.1 ]  [ 41.1  10.3  10.4  45.1  45.2  11.5  11.4  31.1 ]  [ 41.1  10.3  10.4  45.1  45.2  11.5  32.1 ]  [ 41.1  10.3  10.4  45.1  45.2  11.5  33.1 ]  [ 41.1  10.3  10.4  10.5  46.1  11.6  34.1 ]  [ 41.1  10.3  10.4  10.5  46.1  11.6  35.1 ]  [ 41.1  10.3  10.4  10.5  46.1  11.6  11.7  36.1 ]  [ 41.1  10.3  10.4  10.5  46.1  11.6  11.7  37.1 ]  [ 41.1  10.3  10.4  10.5  46.1  47.1 ]  [ 41.1  10.3  10.4  10.5  46.1  48.1 ] ]
42.1,27.0,9.0,1.0,15.0,1.0,0.0,0.0,[ 11.4 ],[ [ 42.1  11.4  11.3  11.2  11.1  1.6  1.5  1.4  1.3  1.2  1.01 ]  [ 42.1  11.4  11.3  11.2  11.1  1.6  1.5  1.4  1.3  1.2  3.01 ]  [ 42.1  11.4  11.5  11.6  46.1  49.01 ] ],[ [ 42.1  11.4  11.5  11.6  46.1  10.5  21.1 ]  [ 42.1  11.4  11.5  11.6  46.1  10.5  22.1 ]  [ 42.1  11.4  11.5  11.6  46.1  10.5  10.6  23.1 ]  [ 42.1  11.4  11.5  11.6  46.1  10.5  10.6  24.1 ]  [ 42.1  11.4  31.1 ]  [ 42.1  11.4  11.5  32.1 ]  [ 42.1  11.4  11.5  33.1 ]  [ 42.1  11.4  11.5  11.6  34.1 ]  [ 42.1  11.4  11.5  11.6  35.1 ]  [ 42.1  11.4  11.5  11.6  11.7  36.1 ]  [ 42.1  11.4  11.5  11.6  11.7  37.1 ]  [ 42.1  11.4  11.5  11.6  46.1  47.1 ]  [ 42.1  11.4  11.5  11.6  46.1  48.1 ] ]
43.1,31.0,6.0,1.0,15.0,1.0,0.0,0.0,[ 10.4 ],[ [ 43.1  10.4  10.3  10.2  10.1  1.6  1.5  1.4  1.3  1.2  1.01 ]  [ 43.1  10.4  10.3  10.2  10.1  1.6  1.5  1.4  1.3  1.2  3.01 ]  [ 43.1  10.4  10.5  46.1  49.01 ] ],[ [ 43.1  10.4  10.5  21.1 ]  [ 43.1  10.4  10.5  22.1 ]  [ 43.1  10.4  10.5  10.6  23.1 ]  [ 43.1  10.4  10.5  10.6  24.1 ]  [ 43.1  10.4  45.1  45.2  11.5  11.4  31.1 ]  [ 43.1  10.4  45.1  45.2  11.5  32.1 ]  [ 43.1  10.4  45.1  45.2  11.5  33.1 ]  [ 43.1  10.4  10.5  46.1  11.6  34.1 ]  [ 43.1  10.4  10.5  46.1  11.6  35.1 ]  [ 43.1  10.4  10.5  46.1  11.6  11.7  36.1 ]  [ 43.1  10.4  10.5  46.1  11.6  11.7  37.1 ]  [ 43.1  10.4  10.5  46.1  47.1 ]  [ 43.1  10.4  10.5  46.1  48.1 ] ]
44.1,31.0,9.0,1.0,15.0,1.0,0.0,0.0,[ 11.5 ],[ [ 44.1  11.5  11.4  11.3  11.2  11.1  1.6  1.5  1.4  1.3  1.2  1.01 ]  [ 44.1  11.5  11.4  11.3  11.2  11.1  1.6  1.5  1.4  1.3  1.2  3.01 ]  [ 44.1  11.5  11.6  46.1  49.01 ] ],[ [ 44.1  11.5  11.6  46.1  10.5  21.1 ]  [ 44.1  11.5  11.6  46.1  10.5  22.1 ]  [ 44.1  11.5  11.6  46.1  10.5  10.6  23.1 ]  [ 44.1  11.5  11.6  46.1  10.5  10.6  24.1 ]  [ 44.1  11.5  11.4  31.1 ]  [ 44.1  11.5  32.1 ]  [ 44.1  11.5  33.1 ]  [ 44.1  11.5  11.6  34.1 ]  [ 44.1  11.5  11.6  35.1 ]  [ 44.1  11.5  11.6  11.7  36.1 ]  [ 44.1  11.5  11.6  11.7  37.1 ]  [ 44.1  11.5  11.6  46.1  47.1 ]  [ 44.1  11.5  11.6  46.1  48.1 ] ]
45.1,34.0,6.0,1.0,15.0,1.0,0.0,0.0,[ 10.4  45.2 ],[ [ 45.1  10.4  10.3  10.2  10.1  1.6  1.5  1.4  1.3  1.2  1.01 ]  [ 45.1  10.4  10.3  10.2  10.1  1.6  1.5  1.4  1.3  1.2  3.01 ]  [ 45.1  10.4  10.5  46.1  49.01 ] ],[ [ 45.1  10.4  10.5  21.1 ]  [ 45.1  10.4  10.5  22.1 ]  [ 45.1  10.4  10.5  10.6  23.1 ]  [ 45.1  10.4  10.5  10.6  24.1 ]  [ 45.1  45.2  11.5  11.4  31.1 ]  [ 45.1  45.2  11.5  32.1 ]  [ 45.1  45.2  11.5  33.1 ]  [ 45.1  45.2  11.5  11.6  34.1 ]  [ 45.1  45.2  11.5  11.6  35.1 ]  [ 45.1  45.2  11.5  11.6  11.7  36.1 ]  [ 45.1  45.2  11.5  11.6  11.7  37.1 ]  [ 45.1  10.4  10.5  46.1  47.1 ]  [ 45.1  10.4  10.5  46.1  48.1 ] ]
45.2,34.0,9.0,1.0,15.0,1.0,0.0,0.0,[ 11.5  45.1 ],[ [ 45.2  45.1  10.4  10.3  10.2  10.1  1.6  1.5  1.4  1.3  1.2  1.01 ]  [ 45.2  45.1  10.4  10.3  10.2  10.1  1.6  1.5  1.4  1.3  1.2  3.01 ]  [ 45.2  11.5  11.6  46.1  49.01 ] ],[ [ 45.2  45.1  10.4  10.5  21.1 ]  [ 45.2  45.1  10.4  10.5  22.1 ]  [ 45.2  45.1  10.4  10.5  10.6  23.1 ]  [ 45.2  45.1  10.4  10.5  10.6  24.1 ]  [ 45.2  11.5  11.4  31.1 ]  [ 45.2  11.5  32.1 ]  [ 45.2  11.5  33.1 ]  [ 45.2  11.5  11.6  34.1 ]  [ 45.2  11.5  11.6  35.1 ]  [ 45.2  11.5  11.6  11.7  36.1 ]  [ 45.2  11.5  11.6  11.7  37.1 ]  [ 45.2  11.5  11.6  46.1  47.1 ]  [ 45.2  11.5  11.6  46.1  48.1 ] ]
46.1,37.0,7.0,1.0,50.0,1.0,0.0,0.0,[ 10.5  47.1  48.1  11.6  49.01 ],[ [ 46.1  10.5  10.4  10.3  10.2  10.1  1.6  1.5  1.4  1.3  1.2  1.01 ]  [ 46.1  10.5  10.4  10.3  10.2  10.1  1.6  1.5  1.4  1.3  1.2  3.01 ]  [ 46.1  49.01 ] ],[ [ 46.1  10.5  21.1 ]  [ 46.1  10.5  22.1 ]  [ 46.1  10.5  10.6  23.1 ]  [ 46.1  10.5  10.6  24.1 ]  [ 46.1  11.6  11.5  11.4  31.1 ]  [ 46.1  11.6  11.5  32.1 ]  [ 46.1  11.6  11.5  33.1 ]  [ 46.1  11.6  34.1 ]  [ 46.1  11.6  35.1 ]  [ 46.1  11.6  11.7  36.1 ]  [ 46.1  11.6  11.7  37.1 ]  [ 46.1  47.1 ]  [ 46.1  48.1 ] ]
47.1,39.0,6.0,2.0,30.0,1.0,0.0,1.0,[ 46.1 ],[ [ 47.1  46.1  10.5  10.4  10.3  10.2  10.1  1.6  1.5  1.4  1.3  1.2  1.01 ]  [ 47.1  46.1  10.5  10.4  10.3  10.2  10.1  1.6  1.5  1.4  1.3  1.2  3.01 ]  [ 47.1  46.1  49.01 ] ],[ [ 47.1  46.1  10.5  21.1 ]  [ 47.1  46.1  10.5  22.1 ]  [ 47.1  46.1  10.5  10.6  23.1 ]  [ 47.1  46.1  10.5  10.6  24.1 ]  [ 47.1  46.1  11.6  11.5  11.4  31.1 ]  [ 47.1  46.1  11.6  11.5  32.1 ]  [ 47.1  46.1  11.6  11.5  33.1 ]  [ 47.1  46.1  11.6  34.1 ]  [ 47.1  46.1  11.6  35.1 ]  [ 47.1  46.1  11.6  11.7  36.1 ]  [ 47.1  46.1  11.6  11.7  37.1 ]  [ 47.1 ]  [ 47.1  46.1  48.1 ] ]
48.1,39.0,9.0,2.0,30.0,1.0,0.0,1.0,[ 46.1 ],[ [ 48.1  46.1  10.5  10.4  10.3  10.2  10.1  1.6  1.5  1.4  1.3  1.2  1.01 ]  [ 48.1  46.1  10.5  10.4  10.3  10.2  10.1  1.6  1.5  1.4  1.3  1.2  3.01 ]  [ 48.1  46.1  49.01 ] ],[ [ 48.1  46.1  10.5  21.1 ]  [ 48.1  46.1  10.5  22.1 ]  [ 48.1  46.1  10.5  10.6  23.1 ]  [ 48.1  46.1  10.5  10.6  24.1 ]  [ 48.1  46.1  11.6  11.5  11.4  31.1 ]  [ 48.1  46.1  11.6  11.5  32.1 ]  [ 48.1  46.1  11.6  11.5  33.1 ]  [ 48.1  46.1  11.6  34.1 ]  [ 48.1  46.1  11.6  35.1 ]  [ 48.1  46.1  11.6  11.7  36.1 ]  [ 48.1  46.1  11.6  11.7  37.1 ]  [ 48.1  46.1  47.1 ]  [ 48.1 ] ]
49.01,42.0,7.0,2.0,30.0,1.0,0.0,0.0,[ 46.1 ],[ [ 49.01  46.1  10.5  10.4  10.3  10.2  10.1  1.6  1.5  1.4  1.3  1.2  1.01 ]  [ 49.01  46.1  10.5  10.4  10.3  10.2  10.1  1.6  1.5  1.4  1.3  1.2  3.01 ]  [ 49.01 ] ],[ [ 49.01  46.1  10.5  21.1 ]  [ 49.01  46.1  10.5  22.1 ]  [ 49.01  46.1  10.5  10.6  23.1 ]  [ 49.01  46.1  10.5  10.6  24.1 ]  [ 49.01  46.1  11.6  11.5  11.4  31.1 ]  [ 49.01  46.1  11.6  11.5  32.1 ]  [ 49.01  46.1  11.6  11.5  33.1 ]  [ 49.01  46.1  11.6  34.1 ]  [ 49.01  46.1  11.6  35.1 ]  [ 49.01  46.1  11.6  11.7  36.1 ]  [ 49.01  46.1  11.6  11.7  37.1 ]  [ 49.01  46.1  47.1 ]  [ 49.01  46.1  48.1 ] ]
